Transaction ID,IP,City,Lat,Lng,Continent,Capital,Country
ea09c5d6-0dc8-43b6-bb74-e3e59f5f9e01,29.6.17.226,Columbus,39.97883,-82.89573,North America,"Washington, D.C.","Washington, D.C."
365aea74-addb-45a0-934a-1424e5654ffe,130.145.253.177,N/A,N/A,N/A,N/A,N/A,N/A
05a9bd37-1200-446a-a3ec-88f92216a632,218.27.222.127,N/A,N/A,N/A,N/A,N/A,N/A
1572aae9-af83-4cfd-8362-1117935b5222,122.38.67.158,N/A,N/A,N/A,N/A,N/A,N/A
4e1699cc-7d0d-4e6f-95c8-d4b72a47698b,141.154.6.158,N/A,N/A,N/A,N/A,N/A,N/A
0742fd2b-c97d-48f4-a09b-d07a7d2f3288,78.80.111.154,N/A,N/A,N/A,N/A,N/A,N/A
a0737417-ff9a-4001-91b2-91dab77d832e,149.71.94.117,N/A,N/A,N/A,N/A,N/A,N/A
05dc7f6a-d7c5-449a-aeaf-0c31f9c507ce,117.64.32.150,N/A,N/A,N/A,N/A,N/A,N/A
a7130788-4170-459e-8154-2d92b80cc99c,211.58.59.234,N/A,N/A,N/A,N/A,N/A,N/A
be2f41c2-b67e-4e7c-894a-6b970bed22a4,223.25.60.45,N/A,N/A,N/A,N/A,N/A,N/A
64a2976b-7f98-4a2c-9932-bbc4aef143ac,130.29.44.40,N/A,N/A,N/A,N/A,N/A,N/A
9d61b3a1-1a06-4944-a102-142eec523798,221.223.217.71,N/A,N/A,N/A,N/A,N/A,N/A
72bf211c-9500-42f6-a783-03774a39cc95,168.147.55.11,N/A,N/A,N/A,N/A,N/A,N/A
17418721-dfaa-48ff-a49b-ed2473e9c4de,156.76.39.68,N/A,N/A,N/A,N/A,N/A,N/A
f3e7db17-f567-4042-b35b-59e871d35d07,218.82.254.13,N/A,N/A,N/A,N/A,N/A,N/A
1f541a55-0714-45cf-b4d8-8708032f3533,146.208.176.206,N/A,N/A,N/A,N/A,N/A,N/A
a98a0b73-870c-49a1-acfa-933ffc35dded,148.135.181.47,N/A,N/A,N/A,N/A,N/A,N/A
fe33e0e3-2869-4031-a209-07c3027fb799,198.210.54.102,N/A,N/A,N/A,N/A,N/A,N/A
3e45bc87-4c7f-4a57-9329-121b9327b64f,46.209.135.213,N/A,N/A,N/A,N/A,N/A,N/A
48889d6d-95bc-47bd-9cec-ebd2156f4d60,217.198.69.122,N/A,N/A,N/A,N/A,N/A,N/A
a26dd9bb-989b-4cf1-91f9-87e46ff44759,220.150.8.100,N/A,N/A,N/A,N/A,N/A,N/A
1b3f6e28-0904-499e-9619-b4faa1fa365f,212.7.175.33,N/A,N/A,N/A,N/A,N/A,N/A
6227249b-800b-443a-a2de-a1f7c8a7ea64,111.193.59.78,N/A,N/A,N/A,N/A,N/A,N/A
2f937457-2e48-4da0-b32c-cdabcb071d7c,150.161.251.21,N/A,N/A,N/A,N/A,N/A,N/A
c342f8d3-9141-48ea-b68f-1271fcd246d1,204.179.244.122,N/A,N/A,N/A,N/A,N/A,N/A
e493140a-820a-4d1b-acb2-ca32c5518e81,144.187.33.220,N/A,N/A,N/A,N/A,N/A,N/A
19f013ec-b1f1-4d22-9e4d-368bb3364649,158.6.164.140,N/A,N/A,N/A,N/A,N/A,N/A
f8e9cc4b-f9a4-427b-a80b-1ef4758bbf4b,212.11.51.52,N/A,N/A,N/A,N/A,N/A,N/A
4087713e-f68d-47be-991d-aa632b5d9b51,79.34.181.32,N/A,N/A,N/A,N/A,N/A,N/A
e202e89c-bb86-4b25-8858-91861e23a510,220.48.80.81,N/A,N/A,N/A,N/A,N/A,N/A
5c0ba3d6-6616-4d9b-88d4-eae00e61c08b,39.168.239.91,N/A,N/A,N/A,N/A,N/A,N/A
cccb3eea-dd1b-4b87-90e7-09b69d7743d4,203.213.248.235,N/A,N/A,N/A,N/A,N/A,N/A
91994473-bd87-49a9-b3a1-c72d582218b4,158.223.210.114,N/A,N/A,N/A,N/A,N/A,N/A
58a1bc66-501b-49f2-bca8-7386c387d2f4,48.141.78.17,N/A,N/A,N/A,N/A,N/A,N/A
84d22f17-bf08-4864-8804-ad1bc63285df,166.174.81.17,N/A,N/A,N/A,N/A,N/A,N/A
88545a67-1759-4a8a-9d4c-f86ff0603cd6,42.23.86.2,N/A,N/A,N/A,N/A,N/A,N/A
08ccb1ee-6aa4-4904-9d3b-d73308b25453,90.25.243.249,N/A,N/A,N/A,N/A,N/A,N/A
c92e7443-7b9e-4338-b061-d33d40bf9c8b,60.134.142.100,N/A,N/A,N/A,N/A,N/A,N/A
55b53b87-cc29-4d44-80eb-7f53a999d251,4.50.78.207,N/A,N/A,N/A,N/A,N/A,N/A
af0cc3d1-617f-4d36-829c-f7b1e40f33a3,51.219.199.232,N/A,N/A,N/A,N/A,N/A,N/A
241eb8b5-0b0f-48cd-a991-55152d289635,80.116.129.141,N/A,N/A,N/A,N/A,N/A,N/A
61273cfa-6fb0-451f-9f4b-ef9be7986f9b,205.111.9.129,N/A,N/A,N/A,N/A,N/A,N/A
196efa3a-41bd-4d1c-8456-ee3361db5896,192.0.70.241,N/A,N/A,N/A,N/A,N/A,N/A
9bbd1fc6-4479-442f-847a-258a55c3b639,181.195.66.248,N/A,N/A,N/A,N/A,N/A,N/A
0bb90aee-6e74-4e4b-9859-427edc26b000,150.128.10.50,N/A,N/A,N/A,N/A,N/A,N/A
a82ed973-bdb5-4db5-b7b4-b0c82f193ea8,194.82.199.34,N/A,N/A,N/A,N/A,N/A,N/A
eb9013cc-9d6d-43ac-9f0f-60ba8b91dfa4,195.20.30.181,N/A,N/A,N/A,N/A,N/A,N/A
e7b5a30b-c175-4aa7-9b92-ecc9e8a59881,142.105.102.18,N/A,N/A,N/A,N/A,N/A,N/A
5c9cf158-e4b4-4a04-b937-a4cd8172c185,196.198.177.146,N/A,N/A,N/A,N/A,N/A,N/A
6681b06f-0f36-4a39-94be-2eba09e924ee,86.170.25.116,N/A,N/A,N/A,N/A,N/A,N/A
5de80a8e-bbe9-43f5-a677-de8bc61b670d,148.219.82.206,N/A,N/A,N/A,N/A,N/A,N/A
9576b925-08c5-476a-9735-5c513e8dd241,191.132.75.106,N/A,N/A,N/A,N/A,N/A,N/A
ff82974d-40fb-45b9-8c79-eb0a8259c21a,178.66.203.98,N/A,N/A,N/A,N/A,N/A,N/A
e44ca4bf-2dfb-40f7-8aa4-e91f63bb3312,143.212.75.114,N/A,N/A,N/A,N/A,N/A,N/A
c24e8796-fc72-4357-8d8c-db1b682e2aac,165.104.180.9,N/A,N/A,N/A,N/A,N/A,N/A
4f83e909-2b26-443c-949c-8b96522ffff5,190.127.231.211,N/A,N/A,N/A,N/A,N/A,N/A
859fdffc-812f-40d5-97e0-0bf558909079,130.33.7.111,N/A,N/A,N/A,N/A,N/A,N/A
d600ae18-8352-480e-bd43-df0d34a89a4a,187.88.61.78,N/A,N/A,N/A,N/A,N/A,N/A
b6900469-5620-4fd6-9f78-9755327ea75f,189.49.59.19,N/A,N/A,N/A,N/A,N/A,N/A
c9d92e39-a8a0-47b1-bb19-af63de883f96,216.221.60.122,N/A,N/A,N/A,N/A,N/A,N/A
f596da93-9ac7-474e-aa5e-bfd3dfafac9c,194.95.80.123,N/A,N/A,N/A,N/A,N/A,N/A
a40d6ce2-812c-4ff9-b30b-710f2b0f4596,184.134.33.253,N/A,N/A,N/A,N/A,N/A,N/A
0ccbfb9a-a61f-4481-aea8-30f35a305cf2,100.56.122.151,N/A,N/A,N/A,N/A,N/A,N/A
27447f55-9f8c-4312-bf22-36b1a1ff75da,92.43.97.150,N/A,N/A,N/A,N/A,N/A,N/A
084bf654-24e4-4950-ac07-5054285fc992,155.33.28.47,N/A,N/A,N/A,N/A,N/A,N/A
0c2a7b96-6501-4448-bd0f-0ed874cb8c6e,210.193.215.63,N/A,N/A,N/A,N/A,N/A,N/A
6a95a606-6694-45e0-bd77-ddbd6d63c066,57.206.2.159,N/A,N/A,N/A,N/A,N/A,N/A
6ebcc1a2-567b-4a29-b4a3-25ac6c26fac7,191.10.57.186,N/A,N/A,N/A,N/A,N/A,N/A
dcaef42e-c7b3-43a5-951b-60f7e520c636,186.163.125.16,N/A,N/A,N/A,N/A,N/A,N/A
434102a3-22e2-483c-93c6-d9720b8fa6b2,201.249.100.156,N/A,N/A,N/A,N/A,N/A,N/A
db25c836-dd36-4f68-b083-c7aec2162285,192.80.132.68,N/A,N/A,N/A,N/A,N/A,N/A
4f15a0c4-fab6-41d0-9660-cce7a30149b8,209.167.25.35,N/A,N/A,N/A,N/A,N/A,N/A
4afd2459-9f0a-49c1-9ed2-dc20beff81d3,213.59.88.24,N/A,N/A,N/A,N/A,N/A,N/A
9821ea95-aa5f-499f-a0b1-c9775fca6c5f,33.32.99.10,N/A,N/A,N/A,N/A,N/A,N/A
f2c28034-e460-4d1c-b3b2-ccc51990d9d5,21.25.76.4,N/A,N/A,N/A,N/A,N/A,N/A
93fdea85-d04c-47c7-8aeb-12a1e7cd245b,213.70.165.135,N/A,N/A,N/A,N/A,N/A,N/A
4aeba7b4-c85c-4734-8198-f9d1a26aca69,195.14.43.8,N/A,N/A,N/A,N/A,N/A,N/A
7b575c87-b720-423e-9b30-b6ffbac0a02c,195.128.40.207,N/A,N/A,N/A,N/A,N/A,N/A
acef3dc5-7bb5-44d2-bb6e-a8c07adecc74,66.47.24.240,N/A,N/A,N/A,N/A,N/A,N/A
376f010f-c62b-4dd7-b0d3-601458d819f5,179.216.242.199,N/A,N/A,N/A,N/A,N/A,N/A
3eb838bf-95cf-4579-9cf0-7171d53232e7,98.89.206.240,N/A,N/A,N/A,N/A,N/A,N/A
49cbe489-af64-4a5d-a436-5fe86473d1fd,46.81.147.248,N/A,N/A,N/A,N/A,N/A,N/A
273c6840-b717-41b9-9467-2bce843302db,67.102.187.88,N/A,N/A,N/A,N/A,N/A,N/A
1423c229-385e-4436-99f4-b603de23843d,132.99.162.205,N/A,N/A,N/A,N/A,N/A,N/A
01df3302-73b8-4100-8ecc-8916153918d8,217.113.135.106,N/A,N/A,N/A,N/A,N/A,N/A
456ec1d1-d0fc-4951-8a70-f9b403aa8535,141.5.136.84,N/A,N/A,N/A,N/A,N/A,N/A
5bd691d3-c4d5-4d5d-8035-095b9a4e1eb4,196.93.179.180,N/A,N/A,N/A,N/A,N/A,N/A
3ffd4633-85b1-4d7d-8fdd-c58dfc9b2428,145.17.69.89,N/A,N/A,N/A,N/A,N/A,N/A
a8078cf8-88d7-4848-bbc1-9212f90f3abc,216.122.24.175,N/A,N/A,N/A,N/A,N/A,N/A
e45187f7-404d-401d-b652-ff88c869682d,192.175.79.33,N/A,N/A,N/A,N/A,N/A,N/A
6b723371-c134-43a2-8424-36875256e5d0,150.186.254.242,N/A,N/A,N/A,N/A,N/A,N/A
f856d970-f00a-4e7d-b44e-d97f546632bd,101.195.40.205,N/A,N/A,N/A,N/A,N/A,N/A
f0ac2d8a-fcc3-41ff-ba7d-611bf2be2417,140.110.18.166,N/A,N/A,N/A,N/A,N/A,N/A
8c2eb0e9-7ad2-4c24-ad6f-0454f9834468,175.247.228.199,N/A,N/A,N/A,N/A,N/A,N/A
3ed34048-5973-4b8e-8025-00d7f68b66ef,185.134.55.93,N/A,N/A,N/A,N/A,N/A,N/A
25a9b057-8879-494d-aa25-84204e08217f,140.104.244.167,N/A,N/A,N/A,N/A,N/A,N/A
f57f71fc-8be5-47ef-a3cf-4a460ae64e69,149.131.160.212,N/A,N/A,N/A,N/A,N/A,N/A
c6503e3d-eaed-4fda-bae1-08864533fb46,183.175.56.217,N/A,N/A,N/A,N/A,N/A,N/A
710c4967-d92f-4495-b422-7804c64536e1,159.157.158.9,N/A,N/A,N/A,N/A,N/A,N/A
b98125b4-a6a1-4e07-8013-ebc2a130d8f4,153.207.252.48,N/A,N/A,N/A,N/A,N/A,N/A
1991d366-0590-407f-b08e-720aba6b06bb,202.102.172.14,N/A,N/A,N/A,N/A,N/A,N/A
dedfa6a8-aa0c-47fc-be30-d89b09107ab9,162.245.84.220,N/A,N/A,N/A,N/A,N/A,N/A
aea60f26-74da-4816-b5da-9b7218daa51d,178.217.124.191,N/A,N/A,N/A,N/A,N/A,N/A
2e68d698-eb3b-4f9e-a206-9c767c7a3e9e,73.151.116.62,N/A,N/A,N/A,N/A,N/A,N/A
813c8b68-2174-4008-8984-a3d773c4ae65,214.16.237.49,N/A,N/A,N/A,N/A,N/A,N/A
586e4432-0131-4018-bd82-7d860da54ee9,197.42.238.69,N/A,N/A,N/A,N/A,N/A,N/A
36698b16-85de-493f-ab45-0d747be2f5fd,149.119.224.52,N/A,N/A,N/A,N/A,N/A,N/A
28dfc298-a6da-40ab-9dd5-bc7fc63e9cf5,152.161.61.145,N/A,N/A,N/A,N/A,N/A,N/A
01ae743e-f419-443a-8e81-c7ba5a8a97fe,192.175.148.89,N/A,N/A,N/A,N/A,N/A,N/A
598786b3-480e-41fc-bc2c-54aa7f503334,16.167.129.233,N/A,N/A,N/A,N/A,N/A,N/A
c4ec45fd-cb5f-4773-b07f-21c678873b17,184.216.233.136,N/A,N/A,N/A,N/A,N/A,N/A
c8f5b914-3503-4bd4-9869-c0df2bd13385,64.210.174.19,N/A,N/A,N/A,N/A,N/A,N/A
ee6acf97-1c2c-48a2-b2d4-a2f6dad1bcee,161.86.179.21,N/A,N/A,N/A,N/A,N/A,N/A
3558f02b-c995-4ea8-b322-f15b840767c2,101.140.18.82,N/A,N/A,N/A,N/A,N/A,N/A
bfe9b91b-905d-45dc-a63b-6fd2ac1240c0,110.71.253.153,N/A,N/A,N/A,N/A,N/A,N/A
b66399e8-44a4-41cc-b2d8-0ec6a462aef8,194.161.73.154,N/A,N/A,N/A,N/A,N/A,N/A
1c3c8b81-b40d-4aef-952d-c895ec3f9268,120.246.181.154,N/A,N/A,N/A,N/A,N/A,N/A
604d6efb-a183-49cf-8789-503a978ac702,220.181.64.195,N/A,N/A,N/A,N/A,N/A,N/A
f82f77bc-a1a9-4508-b1ef-47f886f3a42b,155.206.208.93,N/A,N/A,N/A,N/A,N/A,N/A
5023110f-c17a-43a6-9f5e-ced1762a2c98,205.132.184.95,N/A,N/A,N/A,N/A,N/A,N/A
04f6242d-69a3-4f9e-8d7b-f32e7b30e709,177.192.227.197,N/A,N/A,N/A,N/A,N/A,N/A
d7e20d90-17fd-4f6d-9472-41594b082987,219.91.235.218,N/A,N/A,N/A,N/A,N/A,N/A
f075fd5b-a4f9-4263-90ca-23efc681a00d,218.80.169.35,N/A,N/A,N/A,N/A,N/A,N/A
9e986a19-1942-48b1-92f3-e4a313f5917e,200.108.56.107,N/A,N/A,N/A,N/A,N/A,N/A
04ce643d-8a04-40d5-a870-acfb53c5e75f,56.46.111.187,N/A,N/A,N/A,N/A,N/A,N/A
04d1dca8-db7c-4cda-b802-f71c9d71c4a7,8.167.67.100,N/A,N/A,N/A,N/A,N/A,N/A
d44c2882-13cf-456a-b134-8edf002c9d2e,218.147.1.65,N/A,N/A,N/A,N/A,N/A,N/A
7b2b1a18-e21f-491c-aeae-cfc274419ad0,169.138.34.24,N/A,N/A,N/A,N/A,N/A,N/A
b9e5c079-841a-471a-8bf2-681109f3adc8,165.96.247.172,N/A,N/A,N/A,N/A,N/A,N/A
8121f646-5b1b-4d02-8d42-9aba4e5306f1,214.227.223.24,N/A,N/A,N/A,N/A,N/A,N/A
75b440f3-97c7-4718-abde-1f3961c9e701,151.98.211.154,N/A,N/A,N/A,N/A,N/A,N/A
dea1e9d9-a2d2-403b-ae80-c1a20abd6352,155.245.188.172,N/A,N/A,N/A,N/A,N/A,N/A
e89e6c43-ed42-4e2c-af7a-38f18caa2b9d,205.13.72.190,N/A,N/A,N/A,N/A,N/A,N/A
5e859610-e67f-49d1-acf0-5a54cabd3625,156.121.227.158,N/A,N/A,N/A,N/A,N/A,N/A
51931399-dec1-4abf-8a18-9d847f449e67,219.188.124.53,N/A,N/A,N/A,N/A,N/A,N/A
99fabba6-8fd8-4c83-86a0-7a994b17437b,163.83.62.121,N/A,N/A,N/A,N/A,N/A,N/A
86ef7f81-006f-4310-836a-40a792733c23,188.72.94.237,N/A,N/A,N/A,N/A,N/A,N/A
17de120e-5cae-4a0e-ad26-285b99b4d837,53.60.88.138,N/A,N/A,N/A,N/A,N/A,N/A
b12a2256-ab43-43f4-9378-94039b7cc903,180.78.35.135,N/A,N/A,N/A,N/A,N/A,N/A
bb986406-1fec-40ce-8b80-983f5fdecab8,191.84.34.137,N/A,N/A,N/A,N/A,N/A,N/A
3e42f3a8-df72-4bf4-91e7-2fb373166a62,201.160.60.26,N/A,N/A,N/A,N/A,N/A,N/A
2c27c9b5-12a3-40fe-9658-e457150cf0d1,199.157.206.24,N/A,N/A,N/A,N/A,N/A,N/A
04ba5701-94fd-46c6-8497-aca2737dbda5,46.218.11.145,N/A,N/A,N/A,N/A,N/A,N/A
66bee1b5-b0bc-4214-8b8b-2038ca72b86e,204.188.198.63,N/A,N/A,N/A,N/A,N/A,N/A
c5149e5d-c192-4215-b4e4-48391a1bfed9,195.157.204.18,N/A,N/A,N/A,N/A,N/A,N/A
4b571d1b-1b02-4a73-835b-7a9e22a7cd66,130.175.190.2,N/A,N/A,N/A,N/A,N/A,N/A
dfcc5bea-5166-4e12-8321-e3ca98db9d39,210.7.66.218,N/A,N/A,N/A,N/A,N/A,N/A
1bb5c722-6196-4525-9acd-f970240220c7,143.241.64.157,N/A,N/A,N/A,N/A,N/A,N/A
8bc8d1bf-adc4-4f56-89ac-bd11c2d235c1,152.236.174.30,N/A,N/A,N/A,N/A,N/A,N/A
57298ccc-9a79-464f-8d0b-fa4021eefdd1,198.106.100.45,N/A,N/A,N/A,N/A,N/A,N/A
b87e2660-e4bc-40a6-8d75-4ef12425cf52,192.61.40.98,N/A,N/A,N/A,N/A,N/A,N/A
b7d9ab15-7281-4d89-bc17-4d39a84356b3,213.237.239.226,N/A,N/A,N/A,N/A,N/A,N/A
07fd5349-d923-4d20-8a0b-b7e2c50f5505,131.109.14.186,N/A,N/A,N/A,N/A,N/A,N/A
af5f08c1-1406-4ab8-ba68-8081c4bc38b1,216.246.192.51,N/A,N/A,N/A,N/A,N/A,N/A
6c64e3bc-1040-4fdd-9dbf-44d7282703e5,17.85.73.243,N/A,N/A,N/A,N/A,N/A,N/A
0c1cf043-df4b-4c35-8bf1-6f461ed79513,166.16.87.45,N/A,N/A,N/A,N/A,N/A,N/A
f707ca75-d217-48a1-a3da-57ee519a25f6,168.186.182.201,N/A,N/A,N/A,N/A,N/A,N/A
8ab70119-d03f-4cf5-bd20-0e17e1991434,223.240.54.252,N/A,N/A,N/A,N/A,N/A,N/A
7120ec94-f6c8-4d37-af62-7bab00070e32,207.183.94.41,N/A,N/A,N/A,N/A,N/A,N/A
159e27bb-4660-4ed2-ad17-267c49e4233a,180.127.86.45,N/A,N/A,N/A,N/A,N/A,N/A
bbaa34b3-50ba-45cd-9e35-462f4661577c,35.13.72.85,N/A,N/A,N/A,N/A,N/A,N/A
3bcccfa8-c167-4702-89e5-f4d5e27cc8cb,31.234.70.253,N/A,N/A,N/A,N/A,N/A,N/A
a0afd492-1911-4e8f-999c-b3d2603ea18c,140.104.237.68,N/A,N/A,N/A,N/A,N/A,N/A
1d6726a2-5ead-486b-b809-bb880787b808,214.131.112.254,N/A,N/A,N/A,N/A,N/A,N/A
dbe66f3e-ca45-4c2a-aa65-4b9c433e0e6b,139.158.110.143,N/A,N/A,N/A,N/A,N/A,N/A
21006be6-4056-4dbc-b81a-a9a045458e9b,61.133.12.218,N/A,N/A,N/A,N/A,N/A,N/A
0a9fe979-ac91-4eb7-a3e0-00473e3e9051,220.51.74.163,N/A,N/A,N/A,N/A,N/A,N/A
31850d46-9bb2-413d-87ae-04be1398f66c,193.149.186.133,N/A,N/A,N/A,N/A,N/A,N/A
c1c68c7d-efa5-4116-ab6e-b7b53c175fcf,130.0.254.39,N/A,N/A,N/A,N/A,N/A,N/A
9ed2a514-4f40-41ff-ae53-686f3a9a6986,107.33.254.19,N/A,N/A,N/A,N/A,N/A,N/A
42129f2b-6943-4d4d-a514-dbb4cb397dca,176.146.60.9,N/A,N/A,N/A,N/A,N/A,N/A
c8ca688e-e8a1-4119-8279-d000e1a5e3ff,203.70.136.209,N/A,N/A,N/A,N/A,N/A,N/A
90587dc2-6a58-4d98-8e95-c9c631d4346f,153.240.156.252,N/A,N/A,N/A,N/A,N/A,N/A
b76ad640-a1e5-437e-bf3b-3296833c7efa,136.235.49.8,N/A,N/A,N/A,N/A,N/A,N/A
3e3ae3ca-0048-4806-a669-59803cf384e6,147.79.91.233,N/A,N/A,N/A,N/A,N/A,N/A
7e140cd6-cd2a-490c-b87a-022899424341,192.15.194.44,N/A,N/A,N/A,N/A,N/A,N/A
ad2fd1b6-5a12-4289-95ce-678a8c95dd34,58.133.83.29,N/A,N/A,N/A,N/A,N/A,N/A
4fa20b04-d0e8-4986-b71d-483ee4981fbe,12.75.34.158,N/A,N/A,N/A,N/A,N/A,N/A
1cb6a0cb-4379-4916-89d1-e259a1005007,205.244.148.161,N/A,N/A,N/A,N/A,N/A,N/A
ed9c8007-a077-45cf-9553-4d551a1cb2ff,190.8.28.140,N/A,N/A,N/A,N/A,N/A,N/A
c70fcce3-0dca-43df-81b3-4f71ef8f617f,223.222.242.92,N/A,N/A,N/A,N/A,N/A,N/A
53d68f65-536d-403a-9edf-6635688c85dc,206.32.183.208,N/A,N/A,N/A,N/A,N/A,N/A
eb5e560d-4b08-4f82-9a4c-97cbce06851d,105.253.19.201,N/A,N/A,N/A,N/A,N/A,N/A
5a5739e1-e06f-4aff-8e61-e6063409722b,67.82.100.131,N/A,N/A,N/A,N/A,N/A,N/A
97d16238-c385-4b89-b2ca-31401665e674,100.31.177.98,N/A,N/A,N/A,N/A,N/A,N/A
621b3e8d-b4b2-4402-b9f7-1d6828d7936d,214.57.196.27,N/A,N/A,N/A,N/A,N/A,N/A
5b8eda49-b2e0-4a19-894b-2fa804b7f054,210.27.216.69,N/A,N/A,N/A,N/A,N/A,N/A
30672037-83d1-4bdc-9eb5-e393178affa3,221.30.80.170,N/A,N/A,N/A,N/A,N/A,N/A
93905b96-e49a-4940-af7b-d39fbe2a2cc9,153.33.157.198,N/A,N/A,N/A,N/A,N/A,N/A
fcd9f1bb-5952-4bb5-a547-d3814a6e7ac3,24.226.36.106,N/A,N/A,N/A,N/A,N/A,N/A
d3b87530-c391-4cc0-83e3-f42ea65bd7ab,42.77.240.153,N/A,N/A,N/A,N/A,N/A,N/A
03ade2a4-2345-498f-aa67-7031ebd4871f,182.39.168.56,N/A,N/A,N/A,N/A,N/A,N/A
b4585d30-abfe-483c-910f-36a2466c92d1,42.118.181.182,N/A,N/A,N/A,N/A,N/A,N/A
81281e3f-6844-413e-b3da-6df6c3044009,59.94.212.36,N/A,N/A,N/A,N/A,N/A,N/A
f5a4a25a-6b1a-4d07-a416-afb61973f4e5,65.204.252.172,N/A,N/A,N/A,N/A,N/A,N/A
d56f1c5c-f370-4bcb-89ee-28a104582e5d,165.247.99.95,N/A,N/A,N/A,N/A,N/A,N/A
ca00d886-634d-4c08-a44d-5c0d2bd8da04,206.51.231.195,N/A,N/A,N/A,N/A,N/A,N/A
54fb0ea3-9289-4528-9fe4-a87d2b66aea0,139.47.90.219,N/A,N/A,N/A,N/A,N/A,N/A
4adf3886-b606-43db-aae7-3f6eeb8f3cb9,194.69.180.46,N/A,N/A,N/A,N/A,N/A,N/A
e96309b9-0ff8-479d-b2f3-b75afbed6e99,132.22.50.44,N/A,N/A,N/A,N/A,N/A,N/A
31edd034-57f2-4995-ab03-baa14dec23d6,7.23.52.49,N/A,N/A,N/A,N/A,N/A,N/A
f3af4afa-a9e6-4f84-9130-7a6a7d33664b,172.13.215.213,N/A,N/A,N/A,N/A,N/A,N/A
96551050-7df5-46c4-854e-1a0655fc261e,103.117.227.30,N/A,N/A,N/A,N/A,N/A,N/A
f3a75566-ff46-4787-97ec-cb211a570db9,210.76.89.181,N/A,N/A,N/A,N/A,N/A,N/A
81f73d0c-6127-4ee2-98a4-906fd1c9f417,20.50.217.61,N/A,N/A,N/A,N/A,N/A,N/A
065b7f6a-cadd-4484-bfd2-aaa1938de84c,192.18.78.234,N/A,N/A,N/A,N/A,N/A,N/A
773eaba7-862d-4f37-85d1-b6f7008f573f,180.142.157.118,N/A,N/A,N/A,N/A,N/A,N/A
8b1b113f-02c0-4d05-abcc-e83cd421de91,213.196.201.186,N/A,N/A,N/A,N/A,N/A,N/A
19c238e5-723a-44e2-b45a-1ea6273eac96,22.60.229.67,N/A,N/A,N/A,N/A,N/A,N/A
ca78fa76-6975-42af-95d2-4729937bb9c7,197.38.62.178,N/A,N/A,N/A,N/A,N/A,N/A
54df2119-a5eb-458b-abd8-4a719f301966,145.51.142.207,N/A,N/A,N/A,N/A,N/A,N/A
65fb42e7-ad42-485f-9b06-2591c29ff5b2,137.152.201.143,N/A,N/A,N/A,N/A,N/A,N/A
a0c6fea8-08aa-4ed1-9d0e-25b277d67e03,105.152.248.146,N/A,N/A,N/A,N/A,N/A,N/A
1628ae7b-af83-4204-a547-81061dea3731,56.161.180.77,N/A,N/A,N/A,N/A,N/A,N/A
12ed3a45-fd53-4cab-a730-685693f50588,211.220.6.62,N/A,N/A,N/A,N/A,N/A,N/A
7655ac54-5ca8-495b-b19b-4a6d8ad38206,184.35.22.162,N/A,N/A,N/A,N/A,N/A,N/A
f5e5fb35-9a31-4331-9798-31476f559438,164.177.4.184,N/A,N/A,N/A,N/A,N/A,N/A
2c18d4e4-b6d3-4cc9-bbf6-803c856319b6,72.213.171.162,N/A,N/A,N/A,N/A,N/A,N/A
0dc13972-f7c6-4f9c-b0b7-e22728fbe4b5,199.233.56.171,N/A,N/A,N/A,N/A,N/A,N/A
31a53a8b-0843-4293-89cf-ddc08dcb1b1f,188.145.236.17,N/A,N/A,N/A,N/A,N/A,N/A
3ba5e6bc-1b2d-4cf2-a66d-d6eaf39cb22c,199.107.105.228,N/A,N/A,N/A,N/A,N/A,N/A
fa52d5ba-2ea2-49b2-88d0-42b20b9713d9,149.186.73.196,N/A,N/A,N/A,N/A,N/A,N/A
3e908f77-8aa9-4ce3-888e-3024fed1698f,135.242.163.101,N/A,N/A,N/A,N/A,N/A,N/A
bb318b48-fab1-4a33-8edd-007fad89c629,26.101.139.95,N/A,N/A,N/A,N/A,N/A,N/A
cb203e79-8116-4321-9f6a-37167b167e7e,36.236.190.26,N/A,N/A,N/A,N/A,N/A,N/A
65092719-f756-4f04-b055-d2f770170695,103.110.243.14,N/A,N/A,N/A,N/A,N/A,N/A
5a0fd3ed-d927-4c52-b5ae-dfb262bb28ef,107.96.149.22,N/A,N/A,N/A,N/A,N/A,N/A
891a7761-7651-4d71-a325-aabb61f839fe,162.123.85.180,N/A,N/A,N/A,N/A,N/A,N/A
e892f450-5b99-464e-b240-e35295e6cc48,60.68.121.145,N/A,N/A,N/A,N/A,N/A,N/A
4ff06116-dff8-45ee-91aa-194981f0560f,152.137.225.14,N/A,N/A,N/A,N/A,N/A,N/A
ebe6d8b2-f4c3-46d6-b015-056bd7791d65,76.151.149.40,N/A,N/A,N/A,N/A,N/A,N/A
c8f11e55-e33f-4546-9c36-5a0eb0a469b4,184.124.114.87,N/A,N/A,N/A,N/A,N/A,N/A
bb1edde4-ee44-49de-93fc-aee542611aac,120.102.30.106,N/A,N/A,N/A,N/A,N/A,N/A
00dcd1e6-872b-4962-baf3-5678bee7a412,214.212.65.80,N/A,N/A,N/A,N/A,N/A,N/A
58c57c31-f520-4787-8334-7e8b04b34283,219.175.109.242,N/A,N/A,N/A,N/A,N/A,N/A
6af3a012-5d86-4988-9101-1651bbd2e24f,212.247.90.219,N/A,N/A,N/A,N/A,N/A,N/A
fa840b88-1d5c-4eb2-a6b2-3764d682aae1,212.254.157.48,N/A,N/A,N/A,N/A,N/A,N/A
62fb59a5-9c40-4b6a-a82e-79f2e0ba4bcb,172.52.115.197,N/A,N/A,N/A,N/A,N/A,N/A
fb710953-b8f9-4d22-9e36-14a003803242,31.232.191.67,N/A,N/A,N/A,N/A,N/A,N/A
a1d968c4-610f-4ac9-822b-daafa52e686e,152.85.253.186,N/A,N/A,N/A,N/A,N/A,N/A
d00f7d1c-9d8c-454d-bb88-96fa4be86e2b,30.112.139.161,N/A,N/A,N/A,N/A,N/A,N/A
49a72b7e-e64b-4aad-a521-42c1bd2c7c20,150.13.223.214,N/A,N/A,N/A,N/A,N/A,N/A
fd21a4ad-bb5a-4249-8b3b-0eafdd467779,146.187.218.204,N/A,N/A,N/A,N/A,N/A,N/A
7a355826-4521-4850-89af-e6540209f373,81.136.121.91,N/A,N/A,N/A,N/A,N/A,N/A
8336253a-7d54-4f6e-9927-eba5b4d9698a,100.181.217.108,N/A,N/A,N/A,N/A,N/A,N/A
021aee48-a6f1-49e3-ae6f-261c7b802d73,215.148.184.94,N/A,N/A,N/A,N/A,N/A,N/A
cf1bfae6-32ed-4148-9c70-e3128b225133,42.151.68.192,N/A,N/A,N/A,N/A,N/A,N/A
d6131e9b-bda7-4ec7-9ded-c2b1b7c84158,121.28.224.61,N/A,N/A,N/A,N/A,N/A,N/A
fc2092de-aa42-4f77-8cdb-c7f21a833e85,213.97.69.207,N/A,N/A,N/A,N/A,N/A,N/A
e97f3134-a697-431c-9484-e0510fe788d1,212.57.73.45,N/A,N/A,N/A,N/A,N/A,N/A
dad76a89-184f-403c-ad58-be3ec708eac9,223.135.234.142,N/A,N/A,N/A,N/A,N/A,N/A
04790e36-31b3-4d4e-805c-d6aee252eb29,213.100.155.32,N/A,N/A,N/A,N/A,N/A,N/A
b3002b40-e062-4f8a-82b5-654ee4a2a3e6,151.213.71.158,N/A,N/A,N/A,N/A,N/A,N/A
66f29d3b-f037-4a7f-9c51-ea5715f6f96d,119.120.250.243,N/A,N/A,N/A,N/A,N/A,N/A
c57a023f-e309-48bb-86fe-047c3c772ea8,216.53.56.52,N/A,N/A,N/A,N/A,N/A,N/A
f810e7d6-2c34-429f-8148-16500f6b989b,48.25.239.139,N/A,N/A,N/A,N/A,N/A,N/A
1571d4a0-6408-4a38-94c7-4189a1e62094,75.63.15.210,N/A,N/A,N/A,N/A,N/A,N/A
456e49a8-d303-40d0-99b9-3f98eb69ae6f,148.123.251.224,N/A,N/A,N/A,N/A,N/A,N/A
20809cce-be6e-49b4-b462-3823c5ec2462,216.141.9.60,N/A,N/A,N/A,N/A,N/A,N/A
2b6a86e1-6533-41ec-8a7a-773fbfc7e72b,156.53.114.167,N/A,N/A,N/A,N/A,N/A,N/A
ed752321-7fd4-4fde-810e-6b0653656d65,202.12.167.35,N/A,N/A,N/A,N/A,N/A,N/A
d58f6aa8-f47c-4a04-ace2-669007d652bd,63.150.170.49,N/A,N/A,N/A,N/A,N/A,N/A
847a2ff2-fcfa-4d90-b340-7e014d7f620d,159.77.227.123,N/A,N/A,N/A,N/A,N/A,N/A
1128970e-a92b-430d-bc72-2b2af2721f80,218.106.114.191,N/A,N/A,N/A,N/A,N/A,N/A
7e93b57c-fc08-4d9c-a6cf-11f046f00255,221.24.26.220,N/A,N/A,N/A,N/A,N/A,N/A
12d277be-a014-4575-860a-db71fe1cd187,115.30.210.149,N/A,N/A,N/A,N/A,N/A,N/A
3a853911-1afe-454e-b756-9a943bb2be82,54.70.226.133,N/A,N/A,N/A,N/A,N/A,N/A
fe843e0f-0d13-410e-a2db-84ea61acd44f,176.139.32.127,N/A,N/A,N/A,N/A,N/A,N/A
e3386000-24af-4301-b951-1446c326b51c,42.11.18.135,N/A,N/A,N/A,N/A,N/A,N/A
bf60b2bb-6bda-475a-95b5-57faca3fd92f,153.177.24.56,N/A,N/A,N/A,N/A,N/A,N/A
d63fd49d-baeb-48fb-a421-ec0d3483e19a,122.79.17.252,N/A,N/A,N/A,N/A,N/A,N/A
d4c0a150-6cf3-4e70-a0cf-12b55565c18c,96.43.221.3,N/A,N/A,N/A,N/A,N/A,N/A
b87679f3-f7c5-41e1-9fdc-dadfd1b3ac63,12.117.76.230,N/A,N/A,N/A,N/A,N/A,N/A
ed0bea05-9ade-420b-9979-7f987829d1d0,142.112.114.40,N/A,N/A,N/A,N/A,N/A,N/A
67171204-4f4b-4fde-8616-d6a7595cb36e,217.112.124.252,N/A,N/A,N/A,N/A,N/A,N/A
222c143f-862d-46ea-af7d-ec7fe038861b,91.2.75.53,N/A,N/A,N/A,N/A,N/A,N/A
55c76094-f7d6-4604-9186-bf3389345a71,144.127.42.244,N/A,N/A,N/A,N/A,N/A,N/A
a28169fa-b593-4218-97ea-59f830e33a89,72.251.88.45,N/A,N/A,N/A,N/A,N/A,N/A
f34d59b8-770e-4c18-b8ae-9a1e00225e25,222.211.72.208,N/A,N/A,N/A,N/A,N/A,N/A
c6eac72d-4f9c-41d3-b9e7-ad04df6b246b,203.122.241.224,N/A,N/A,N/A,N/A,N/A,N/A
42bec859-6406-4ebb-81a6-1f610f469e96,58.88.63.168,N/A,N/A,N/A,N/A,N/A,N/A
3186ac0e-d5dc-445a-8510-769665417664,50.65.46.63,N/A,N/A,N/A,N/A,N/A,N/A
c26bac58-c1f8-4ec3-bcd5-164f71e65b37,158.23.114.206,N/A,N/A,N/A,N/A,N/A,N/A
6ebdec45-d971-4ca0-a71e-b349bbcb176c,204.211.30.27,N/A,N/A,N/A,N/A,N/A,N/A
5d3f605b-200c-4472-ad01-ae6a05ea95e5,162.83.241.223,N/A,N/A,N/A,N/A,N/A,N/A
83c058d3-bc81-491f-9990-528523e1cab4,80.64.101.30,N/A,N/A,N/A,N/A,N/A,N/A
2b5c7ff4-31bd-47e8-be6a-eef5813d9930,129.96.144.51,N/A,N/A,N/A,N/A,N/A,N/A
7ae1bb73-8708-4567-943b-b6074edb19a5,78.2.14.64,N/A,N/A,N/A,N/A,N/A,N/A
4bd0f1cb-6c39-4205-86cc-75dc64816e13,131.106.67.145,N/A,N/A,N/A,N/A,N/A,N/A
bd8849cc-aab7-4b79-964a-530b6f5006a1,37.41.164.148,N/A,N/A,N/A,N/A,N/A,N/A
bcd65942-bc56-476a-a252-8bcb2531f58b,2.204.200.248,N/A,N/A,N/A,N/A,N/A,N/A
2d341122-c4d0-4df7-a4e5-b5789a0d14a6,136.29.94.213,N/A,N/A,N/A,N/A,N/A,N/A
e7c79437-b7c3-4ddf-aced-28000eff473f,149.186.199.113,N/A,N/A,N/A,N/A,N/A,N/A
b3167854-f8fe-4ce8-8ccc-4b11f26c8d0d,187.71.154.249,N/A,N/A,N/A,N/A,N/A,N/A
44aec7a3-b71a-44ee-a0d8-a1b62b83e063,156.182.3.237,N/A,N/A,N/A,N/A,N/A,N/A
b0ba69d1-2737-4050-a3a7-1f18ddc18714,144.188.69.231,N/A,N/A,N/A,N/A,N/A,N/A
8403ee9f-cbf5-451c-b262-1c5a6d01e152,214.91.149.154,N/A,N/A,N/A,N/A,N/A,N/A
f9b8a20d-caf2-4e9a-8abe-8ac737e002da,210.148.89.34,N/A,N/A,N/A,N/A,N/A,N/A
872a805c-2c0d-4810-88d1-653ea0b392bf,218.242.156.46,N/A,N/A,N/A,N/A,N/A,N/A
0745a745-23fc-49be-9932-8e89e707f54a,136.65.34.129,N/A,N/A,N/A,N/A,N/A,N/A
3c8f94fc-beaa-47e1-b3c8-792bc69b2922,212.142.77.95,N/A,N/A,N/A,N/A,N/A,N/A
d2105bd5-6e5b-4cd0-9b05-15cf76290594,223.75.147.202,N/A,N/A,N/A,N/A,N/A,N/A
ab9cd8c7-e02e-4af9-81e1-0ee24156d679,197.67.102.249,N/A,N/A,N/A,N/A,N/A,N/A
d8083588-fae7-4fc1-b0bb-4536d0222730,152.83.249.100,N/A,N/A,N/A,N/A,N/A,N/A
42e04485-726e-4a9b-816e-75c52c5e13bb,94.121.96.113,N/A,N/A,N/A,N/A,N/A,N/A
7169940c-4693-4f75-8264-2716f922ad55,37.189.85.132,N/A,N/A,N/A,N/A,N/A,N/A
fd6dda26-9338-4941-9641-8a3cb5e36970,165.194.137.203,N/A,N/A,N/A,N/A,N/A,N/A
b0d5f264-00dc-4990-9a00-4426110ae634,222.243.97.166,N/A,N/A,N/A,N/A,N/A,N/A
68c69853-f113-4220-9804-48b38cbc4db8,196.246.154.189,N/A,N/A,N/A,N/A,N/A,N/A
b36ba094-1e92-473b-9d70-e6f25b24fc24,98.4.160.147,N/A,N/A,N/A,N/A,N/A,N/A
d2b683d4-5c6c-4e3f-a24f-5a216071a3ba,62.81.253.255,N/A,N/A,N/A,N/A,N/A,N/A
254fa97f-2ca8-428f-a8ee-5c149ca2ef16,134.179.173.225,N/A,N/A,N/A,N/A,N/A,N/A
8345ead9-ac76-406e-ba27-5fce62215ec0,83.151.228.115,N/A,N/A,N/A,N/A,N/A,N/A
41c75751-180b-416f-8a08-9e2fc2c3b6c4,1.29.101.101,N/A,N/A,N/A,N/A,N/A,N/A
46fced79-f59c-435c-a080-931afd5fb1fa,83.35.136.228,N/A,N/A,N/A,N/A,N/A,N/A
07a03c3f-4e7f-4e86-8e62-d1e3e10161e0,143.86.9.185,N/A,N/A,N/A,N/A,N/A,N/A
f5fa31fb-6e71-4a76-bf94-f3d14895288e,215.30.162.96,N/A,N/A,N/A,N/A,N/A,N/A
fa7a5e18-0dcf-4360-a660-c0c2f15eee8a,125.32.90.246,N/A,N/A,N/A,N/A,N/A,N/A
b48e89ec-6c6e-413b-bbeb-e52b89ecc298,118.61.14.255,N/A,N/A,N/A,N/A,N/A,N/A
eba48555-ee3a-4a86-919f-9ab6d217107b,192.27.32.183,N/A,N/A,N/A,N/A,N/A,N/A
ea6c8f7b-aff3-4600-803f-28a502dc3329,201.3.102.24,N/A,N/A,N/A,N/A,N/A,N/A
0b23bb16-ce22-4592-8940-4832935c1514,130.245.132.188,N/A,N/A,N/A,N/A,N/A,N/A
f7b2a3be-d475-4979-b8ac-8a46f0b0300e,82.135.196.60,N/A,N/A,N/A,N/A,N/A,N/A
c68230ef-0114-4467-8ee0-b6511308eeba,72.21.188.45,N/A,N/A,N/A,N/A,N/A,N/A
c081600f-d814-4139-bb13-6bc8eb7a39f8,70.22.176.66,N/A,N/A,N/A,N/A,N/A,N/A
ed50ff19-57de-490a-a78f-429a8e4ec243,206.159.247.98,N/A,N/A,N/A,N/A,N/A,N/A
62ceb227-a588-4b58-82a0-ac93aa924815,209.21.186.147,N/A,N/A,N/A,N/A,N/A,N/A
fc5ca945-25f6-402e-b70f-cbe5ca92d432,221.173.68.211,N/A,N/A,N/A,N/A,N/A,N/A
85e8f81e-cd31-4ccc-abc2-59f448920a94,194.223.88.208,N/A,N/A,N/A,N/A,N/A,N/A
83a6a82e-ffda-48e6-8b1d-ecbb956f4903,95.221.246.253,N/A,N/A,N/A,N/A,N/A,N/A
fe5d03c1-d262-462c-88f6-d9ada1c4f0c1,57.175.174.190,N/A,N/A,N/A,N/A,N/A,N/A
089ae46e-711e-4714-a76a-ab0870c27506,210.47.241.29,N/A,N/A,N/A,N/A,N/A,N/A
f8e2949e-35d9-42a7-b588-b99277798e40,139.241.110.7,N/A,N/A,N/A,N/A,N/A,N/A
646f8842-bf55-4cdf-ba45-6efaf6061785,154.194.248.44,N/A,N/A,N/A,N/A,N/A,N/A
4252c7e6-1df0-47a8-a10f-3f6a463927ac,2.97.227.16,N/A,N/A,N/A,N/A,N/A,N/A
04d77704-3c12-470a-a94a-bb9c58a195ec,200.107.6.3,N/A,N/A,N/A,N/A,N/A,N/A
f43e50c5-2459-4e59-8078-382f16f1c2a4,216.206.172.201,N/A,N/A,N/A,N/A,N/A,N/A
fd87a467-580f-4d52-b600-fe4048cca8f9,152.165.117.161,N/A,N/A,N/A,N/A,N/A,N/A
c1cfa3cb-1dae-4891-9175-1a83b834b97b,28.81.108.94,N/A,N/A,N/A,N/A,N/A,N/A
9aea9328-bf87-48d7-adfc-06772b135b72,148.187.86.6,N/A,N/A,N/A,N/A,N/A,N/A
7f319a7b-107e-43a8-9951-f92a61652031,205.235.62.92,N/A,N/A,N/A,N/A,N/A,N/A
978f7b3a-4edb-49d1-b081-98fed8f1cc12,212.41.182.204,N/A,N/A,N/A,N/A,N/A,N/A
f678d302-7e36-415a-9ed5-e1337b3fcadb,63.26.31.198,N/A,N/A,N/A,N/A,N/A,N/A
4da84796-f76b-4523-b5fa-1dea604b02eb,177.160.213.206,N/A,N/A,N/A,N/A,N/A,N/A
9e665c64-7f5c-4ab6-9e65-c4b1a6c2dd85,89.46.165.206,N/A,N/A,N/A,N/A,N/A,N/A
438b13bc-fb9e-4047-9adc-7a9355715348,17.103.24.158,N/A,N/A,N/A,N/A,N/A,N/A
ce0fcf2f-d455-4171-99b6-962ddd7aacc6,183.155.187.151,N/A,N/A,N/A,N/A,N/A,N/A
7375be19-c32b-4f75-b293-d0c42cf562bf,214.215.12.47,N/A,N/A,N/A,N/A,N/A,N/A
e28eef13-8ab3-4d81-a2ae-0cc345947421,111.51.47.187,N/A,N/A,N/A,N/A,N/A,N/A
7f4caf0e-d31b-4371-81c9-0ee2e65276be,156.13.89.194,N/A,N/A,N/A,N/A,N/A,N/A
d390c7cb-f598-47a0-911c-8583c1530849,218.156.54.64,N/A,N/A,N/A,N/A,N/A,N/A
d31b1e2b-0308-4faa-b8d5-66b48a8d5e67,112.65.156.228,N/A,N/A,N/A,N/A,N/A,N/A
607d441d-abbf-4a40-98e4-d7a4896746e7,223.3.115.201,N/A,N/A,N/A,N/A,N/A,N/A
c78f48ff-b51a-464e-8627-49b6a4f5a343,112.203.66.28,N/A,N/A,N/A,N/A,N/A,N/A
ac9b3840-e766-489f-8c1d-fdf618634ffd,163.223.38.84,N/A,N/A,N/A,N/A,N/A,N/A
c67a2b39-674a-42d1-a57a-c872e40e84ff,203.71.120.198,N/A,N/A,N/A,N/A,N/A,N/A
11404616-14bb-43d9-9897-290ae5afefa8,89.185.252.100,N/A,N/A,N/A,N/A,N/A,N/A
921aa87e-5566-4194-b163-1f1f625bd85d,123.193.218.137,N/A,N/A,N/A,N/A,N/A,N/A
55362f53-3925-45e3-8f02-a1af330f25c2,87.26.181.101,N/A,N/A,N/A,N/A,N/A,N/A
c7f965f5-b4bc-47fb-b5b1-a2a7b4873bf9,199.107.60.77,N/A,N/A,N/A,N/A,N/A,N/A
9436e77d-8a5b-406d-8880-3d645ab29a0f,107.123.178.230,N/A,N/A,N/A,N/A,N/A,N/A
e5d7cc91-a5a6-4e4f-919a-cbc1bbd2baaa,220.125.191.35,N/A,N/A,N/A,N/A,N/A,N/A
b867da8e-d4be-421b-83c5-ff6d34fec68a,151.145.50.189,N/A,N/A,N/A,N/A,N/A,N/A
2f428736-1581-46d2-9a64-7026bd8ae10d,163.0.43.231,N/A,N/A,N/A,N/A,N/A,N/A
63846aa2-9f9d-464e-8030-0e1ed22d2f57,222.16.206.2,N/A,N/A,N/A,N/A,N/A,N/A
d4c67c78-ddb5-40e4-b867-5830066a5d73,203.206.24.151,N/A,N/A,N/A,N/A,N/A,N/A
4248ebb3-5303-457a-b66b-fd18bbf811d3,212.184.216.246,N/A,N/A,N/A,N/A,N/A,N/A
545dce91-56a2-49b9-b103-b3e423f95e0b,166.31.81.159,N/A,N/A,N/A,N/A,N/A,N/A
c76ec343-5e86-45c9-9cb8-712f9bba783b,162.115.55.158,N/A,N/A,N/A,N/A,N/A,N/A
43ea4da7-f275-40d3-92ca-c94f4117b1e1,200.217.24.234,N/A,N/A,N/A,N/A,N/A,N/A
356c50f7-abfa-4913-94c3-dedc86beb79c,175.193.65.74,N/A,N/A,N/A,N/A,N/A,N/A
475eedb9-20dc-4801-a58c-3e2c20db1b59,155.205.44.138,N/A,N/A,N/A,N/A,N/A,N/A
a91e923b-d791-43aa-89cc-84556f5edec4,219.245.42.23,N/A,N/A,N/A,N/A,N/A,N/A
38180d81-1f31-4bc8-b60d-9f45cbd5a640,204.30.23.117,N/A,N/A,N/A,N/A,N/A,N/A
15f01573-ef74-4f78-bec9-3ad4387457ae,193.242.6.81,N/A,N/A,N/A,N/A,N/A,N/A
117641e3-2ec8-46d2-a2d8-2745284ef3e0,194.242.232.55,N/A,N/A,N/A,N/A,N/A,N/A
99e60b60-a057-4471-9473-ff58fbe412f0,197.202.71.13,N/A,N/A,N/A,N/A,N/A,N/A
055369ef-4a73-4804-85f2-e4c692721378,218.8.219.191,N/A,N/A,N/A,N/A,N/A,N/A
8de15c4b-bd32-4355-9dc9-6e2aa1b22dd6,134.76.80.163,N/A,N/A,N/A,N/A,N/A,N/A
044e2c20-b8a8-441e-8fa1-595f3d456024,153.235.223.155,N/A,N/A,N/A,N/A,N/A,N/A
95e603ec-f439-4945-ab53-235f8886928a,98.51.178.144,N/A,N/A,N/A,N/A,N/A,N/A
fe4fc12a-f387-4077-83cc-4afe72e91dac,205.202.170.93,N/A,N/A,N/A,N/A,N/A,N/A
f3b3c544-7366-4b7b-8aeb-b3d2f743db72,80.237.111.56,N/A,N/A,N/A,N/A,N/A,N/A
43d0ce16-4b80-4c39-b70f-5bee2e13cd7a,35.86.229.159,N/A,N/A,N/A,N/A,N/A,N/A
84058b16-9ae0-4bd9-83e4-dc0c0d3b10a2,107.82.244.81,N/A,N/A,N/A,N/A,N/A,N/A
84d916ae-4120-4e0c-b5e1-a334bf2c4abe,186.194.189.61,N/A,N/A,N/A,N/A,N/A,N/A
606095d3-b75f-421e-82b0-3cd55ca5e7df,106.222.23.85,N/A,N/A,N/A,N/A,N/A,N/A
be926b3b-7b37-4657-bf61-18fc6942f96d,30.233.224.153,N/A,N/A,N/A,N/A,N/A,N/A
b4773b99-c17d-4eac-901a-218cfe398670,169.106.117.79,N/A,N/A,N/A,N/A,N/A,N/A
27d6e080-5b4d-4502-8645-d6f3338c3fde,20.219.135.225,N/A,N/A,N/A,N/A,N/A,N/A
bbbe3792-6f86-4d38-bdb1-2be60467bd60,159.22.154.167,N/A,N/A,N/A,N/A,N/A,N/A
8f1ec6af-3907-4fc4-92d8-7f3ed719e345,49.245.73.185,N/A,N/A,N/A,N/A,N/A,N/A
cdd5af8f-3d21-4fb8-ad59-6172b45eb4ba,71.36.229.210,N/A,N/A,N/A,N/A,N/A,N/A
fb93eea3-09d4-452c-a7d0-7326ee0cbbcb,211.202.143.80,N/A,N/A,N/A,N/A,N/A,N/A
f1644f96-c673-4d1b-8b05-2f72e95ca9c4,25.195.132.20,N/A,N/A,N/A,N/A,N/A,N/A
809169b5-ece3-4650-b49f-7bed02d86724,78.138.117.32,N/A,N/A,N/A,N/A,N/A,N/A
dd28a1fa-5a5f-44bd-a62d-b89d9ebfed57,92.113.60.237,N/A,N/A,N/A,N/A,N/A,N/A
6b41a019-e56e-410b-8245-eab4cfcb9998,191.80.191.251,N/A,N/A,N/A,N/A,N/A,N/A
f25cc654-e347-4c16-b383-16125bfc9eb5,91.116.144.52,N/A,N/A,N/A,N/A,N/A,N/A
e0f37d38-6ff2-4645-964f-d58d88e99551,56.20.186.73,N/A,N/A,N/A,N/A,N/A,N/A
c7a81e53-e7a8-4c49-a78c-251c69e7a112,73.110.119.9,N/A,N/A,N/A,N/A,N/A,N/A
c06677a2-363e-4702-ad59-d6d519ff9e36,153.39.67.146,N/A,N/A,N/A,N/A,N/A,N/A
092f8870-d311-4b77-a1ae-a1a941c898a5,207.125.225.230,N/A,N/A,N/A,N/A,N/A,N/A
1b801a8b-382a-4467-9032-37b85e8acb0d,71.127.163.29,N/A,N/A,N/A,N/A,N/A,N/A
be12a0bc-c143-42ae-94d2-a7feaac9e337,216.228.225.125,N/A,N/A,N/A,N/A,N/A,N/A
1b6c022b-94ca-4bf5-80c1-119719b3fe6a,162.143.19.70,N/A,N/A,N/A,N/A,N/A,N/A
c4d5b77e-0fe0-4faa-b02f-cad0dc5a7d63,203.32.35.33,N/A,N/A,N/A,N/A,N/A,N/A
646f85d0-e832-4354-811c-5d4fa4f83582,193.253.180.121,N/A,N/A,N/A,N/A,N/A,N/A
cc95ef9e-5ee0-4c61-af03-c52344e92419,39.85.55.167,N/A,N/A,N/A,N/A,N/A,N/A
612604a6-9240-4ea0-8659-3ff90b263471,63.130.171.215,N/A,N/A,N/A,N/A,N/A,N/A
4e3bcec5-1b44-4af6-af49-e42419cee8d3,191.109.125.94,N/A,N/A,N/A,N/A,N/A,N/A
e6358e93-ccb7-42da-ab79-1c175aa966f7,223.84.228.97,N/A,N/A,N/A,N/A,N/A,N/A
2b603916-aa17-4c16-8b41-27ba079bd5b7,60.98.176.175,N/A,N/A,N/A,N/A,N/A,N/A
bb565df8-b5af-4edb-b6f3-829da154d3b0,193.155.32.70,N/A,N/A,N/A,N/A,N/A,N/A
e59919ff-518c-4d47-ba18-d6e54ba53fe3,84.223.162.4,N/A,N/A,N/A,N/A,N/A,N/A
4a967562-d3d4-44cf-9179-a66d4bef1076,116.49.244.236,N/A,N/A,N/A,N/A,N/A,N/A
42ffb8f9-2813-41cd-88de-253f45fb515f,220.211.52.102,N/A,N/A,N/A,N/A,N/A,N/A
5ecbb45f-f105-466c-a70b-8aea8da2453d,65.1.234.33,N/A,N/A,N/A,N/A,N/A,N/A
a4526783-ec66-4cd9-8823-836852b8881e,208.29.114.191,N/A,N/A,N/A,N/A,N/A,N/A
e1ce78a8-d46a-491b-9699-8e794eae09b5,166.45.155.32,N/A,N/A,N/A,N/A,N/A,N/A
582f1db3-911d-4ae2-a041-27578d79b8bf,177.135.8.22,N/A,N/A,N/A,N/A,N/A,N/A
9cf7e4b5-0230-4567-ac7b-3af9ed6b0431,139.35.241.112,N/A,N/A,N/A,N/A,N/A,N/A
8ba3839d-c1fc-4d2f-b537-c2830c39784b,220.20.212.44,N/A,N/A,N/A,N/A,N/A,N/A
1c227f87-b6ea-4c6a-a67d-8431e143df41,132.217.73.205,N/A,N/A,N/A,N/A,N/A,N/A
d40677e8-10e5-4b23-9fab-47219ed9ea96,109.255.17.59,N/A,N/A,N/A,N/A,N/A,N/A
2c65d17f-bd23-4922-96b8-fdd6179c8678,196.79.6.170,N/A,N/A,N/A,N/A,N/A,N/A
57d26b5b-5741-431e-a69a-27eda3330237,223.213.69.16,N/A,N/A,N/A,N/A,N/A,N/A
25498a14-440a-4bf1-8e11-3297249a7c53,16.94.199.250,N/A,N/A,N/A,N/A,N/A,N/A
fbc00ad3-d674-4a16-b73e-5b4fe8b3f20e,119.143.73.139,N/A,N/A,N/A,N/A,N/A,N/A
2eb0123c-844b-457a-af61-c8d7c4a87258,64.143.223.225,N/A,N/A,N/A,N/A,N/A,N/A
1b6880fb-a9fa-4b88-9a41-cc4daf72bd7b,212.107.20.13,N/A,N/A,N/A,N/A,N/A,N/A
2c91bf07-3aa8-4813-a292-f6eb03d595f6,212.147.20.208,N/A,N/A,N/A,N/A,N/A,N/A
184cfc04-3400-4a08-8f30-ab717c9a728b,14.63.22.17,N/A,N/A,N/A,N/A,N/A,N/A
9ca9f6bd-f806-4ab3-ae31-9b327da414f0,70.0.17.154,N/A,N/A,N/A,N/A,N/A,N/A
94ecddf0-7b66-44d4-a96b-952c94ba1acb,12.67.89.141,N/A,N/A,N/A,N/A,N/A,N/A
82f9ad09-28e9-4b27-8ffc-3aad4b97d439,217.9.158.49,N/A,N/A,N/A,N/A,N/A,N/A
54ff5bb8-1b42-43b4-8d73-c3645ebba9b3,108.237.208.199,N/A,N/A,N/A,N/A,N/A,N/A
09d95cc6-a915-45b4-a990-5cc125997f38,11.139.207.203,N/A,N/A,N/A,N/A,N/A,N/A
92f203f9-704b-4bdb-a03a-6f39b3f8a95b,174.132.221.12,N/A,N/A,N/A,N/A,N/A,N/A
ac61613f-d5bd-4fa1-bab8-80c4b0bf993c,165.117.58.110,N/A,N/A,N/A,N/A,N/A,N/A
f90459a4-a09e-4a0c-9167-569824ba4c6f,84.141.213.28,N/A,N/A,N/A,N/A,N/A,N/A
e42208d9-0891-4d60-8b3f-58542fa50ce0,176.206.13.60,N/A,N/A,N/A,N/A,N/A,N/A
c0946827-3726-48f4-80b7-bed49a0b31ae,32.98.14.67,N/A,N/A,N/A,N/A,N/A,N/A
a7b09380-cc80-4e80-bb12-af8a823b173c,150.52.253.36,N/A,N/A,N/A,N/A,N/A,N/A
eb0cd0ca-6d33-4b27-8f42-8ef9c2e1264a,174.210.219.184,N/A,N/A,N/A,N/A,N/A,N/A
f462392f-4f1c-4b36-a094-9b28a31c3f9b,144.69.100.179,N/A,N/A,N/A,N/A,N/A,N/A
ef48a21c-8d6b-4b4b-98d6-fc21cbfa2ca6,198.109.40.72,N/A,N/A,N/A,N/A,N/A,N/A
ea4a2ec9-4682-4358-8321-e27e1f0e18a9,154.28.182.23,N/A,N/A,N/A,N/A,N/A,N/A
69dedf26-e124-4c9a-b7c3-ddf8a4c36a6c,150.175.236.166,N/A,N/A,N/A,N/A,N/A,N/A
321d7d03-b2d6-40e7-ba3b-ab3e28516a28,138.157.162.114,N/A,N/A,N/A,N/A,N/A,N/A
84466856-370a-40fa-916f-e2e86b2b86b7,205.101.243.192,N/A,N/A,N/A,N/A,N/A,N/A
9a2bfab0-b007-412a-901e-7246fa9662ca,64.108.51.228,N/A,N/A,N/A,N/A,N/A,N/A
e5366b22-cfe1-4bb6-9179-2772ea082ec3,196.105.57.141,N/A,N/A,N/A,N/A,N/A,N/A
4299f367-197f-4c61-81ff-842bdbf0330c,171.139.209.167,N/A,N/A,N/A,N/A,N/A,N/A
2d51eb52-cf4d-4cf4-8504-52d587c1a523,152.17.38.205,N/A,N/A,N/A,N/A,N/A,N/A
ea516fc0-656a-4bbf-b8f6-89e0e7ae87b2,172.9.48.229,N/A,N/A,N/A,N/A,N/A,N/A
d6c395d9-8e0f-47cc-9255-fc667ea048cc,17.103.207.22,N/A,N/A,N/A,N/A,N/A,N/A
a9a7181d-3317-4bd6-be06-ff7d6ff62408,138.19.253.68,N/A,N/A,N/A,N/A,N/A,N/A
0f19abff-81f4-44db-9354-a669de832f0b,194.56.45.38,N/A,N/A,N/A,N/A,N/A,N/A
47e15786-e185-4a8a-a380-6f2ed36de665,134.159.158.107,N/A,N/A,N/A,N/A,N/A,N/A
93629c38-ece6-411b-85f2-5b8621818d2a,123.244.93.94,N/A,N/A,N/A,N/A,N/A,N/A
f646c60a-ad3f-4b90-af7d-c1cd3ec03809,206.3.109.179,N/A,N/A,N/A,N/A,N/A,N/A
13eb4816-2d49-4e96-802b-7540eabd960b,57.254.226.175,N/A,N/A,N/A,N/A,N/A,N/A
36f6f094-71a1-47ee-9ac9-6196ff34ee35,179.175.239.94,N/A,N/A,N/A,N/A,N/A,N/A
e03ec452-5735-4ca8-9cff-5815f06ae37d,162.196.21.34,N/A,N/A,N/A,N/A,N/A,N/A
ed1e1456-5cb2-4c83-8684-fa5945538980,204.85.101.255,N/A,N/A,N/A,N/A,N/A,N/A
bb598025-1d0d-4420-bd41-1adaf236b6cd,135.118.124.194,N/A,N/A,N/A,N/A,N/A,N/A
6b739df5-c069-486e-89f8-a2cc18821252,195.228.72.90,N/A,N/A,N/A,N/A,N/A,N/A
701f6408-8224-4907-9753-17e8f1dbebff,34.149.222.58,N/A,N/A,N/A,N/A,N/A,N/A
15011fa0-de2c-4d88-9966-d1eb0ec74000,184.254.117.50,N/A,N/A,N/A,N/A,N/A,N/A
fab8c04d-236e-4395-b3db-2bc74698295d,11.192.83.206,N/A,N/A,N/A,N/A,N/A,N/A
92e7204b-e2c2-4eb4-b71a-802dec3d821b,218.29.126.125,N/A,N/A,N/A,N/A,N/A,N/A
f10c6f68-463e-4334-9db5-84491218e9e8,9.209.58.128,N/A,N/A,N/A,N/A,N/A,N/A
81db72d3-1b30-437c-ae53-fe0f9b78c4c2,198.187.59.225,N/A,N/A,N/A,N/A,N/A,N/A
a9638c85-e3e1-481a-a03d-367f03c37f38,177.222.4.253,N/A,N/A,N/A,N/A,N/A,N/A
afe5f8e7-0279-47f2-b2ba-c8f47c61f63b,140.108.120.66,N/A,N/A,N/A,N/A,N/A,N/A
ac9118e1-fe60-4d13-8120-e2f07431a4ef,113.241.80.65,N/A,N/A,N/A,N/A,N/A,N/A
517d7ac5-2b70-41a4-8e4c-d88c3924d4bf,55.135.249.48,N/A,N/A,N/A,N/A,N/A,N/A
8d20b8a9-e067-4524-a024-e07fb19bc771,45.239.225.191,N/A,N/A,N/A,N/A,N/A,N/A
b573005e-5907-4175-b17e-15eb903e755d,207.176.95.188,N/A,N/A,N/A,N/A,N/A,N/A
4979b772-e1bb-45bc-ba9b-48de2b8401d9,109.253.232.92,N/A,N/A,N/A,N/A,N/A,N/A
d4ff1232-8108-4813-9ea4-80c2bd3c2f83,95.204.146.101,N/A,N/A,N/A,N/A,N/A,N/A
79eb40c0-6268-4d0f-b7ea-ce7248a91d4e,213.108.62.238,N/A,N/A,N/A,N/A,N/A,N/A
6e689d10-e241-4a18-85c0-a1afe18aec64,143.27.107.134,N/A,N/A,N/A,N/A,N/A,N/A
1a70bada-6eec-434e-a6e1-3a77406399a6,166.120.115.9,N/A,N/A,N/A,N/A,N/A,N/A
0359ea36-471e-4ce1-b87d-03a1226063a0,200.51.98.64,N/A,N/A,N/A,N/A,N/A,N/A
c682ff04-f960-48ed-b802-4c18871c9f7c,194.115.214.132,N/A,N/A,N/A,N/A,N/A,N/A
8462a2a3-ba82-4ff0-8ebc-e51c1bdf71c4,85.224.229.254,N/A,N/A,N/A,N/A,N/A,N/A
bdb49d36-ee2f-486d-ab70-1420b2f9609c,105.79.199.185,N/A,N/A,N/A,N/A,N/A,N/A
e0fd8638-c780-4685-b347-5e8cc7b9e52a,67.194.191.112,N/A,N/A,N/A,N/A,N/A,N/A
00f87fd4-ef21-434a-b26e-697bf783527d,73.160.76.150,N/A,N/A,N/A,N/A,N/A,N/A
d4473ec3-96b0-47f8-a9f5-8f3e37aa0d61,222.141.143.170,N/A,N/A,N/A,N/A,N/A,N/A
cfe16a8b-da63-486f-9c96-85202365da59,22.27.183.85,N/A,N/A,N/A,N/A,N/A,N/A
a30a883f-c81e-4a75-aeee-eb11fc651e9c,178.133.253.183,N/A,N/A,N/A,N/A,N/A,N/A
cec4e961-8657-4002-af6b-9545691509a9,206.227.185.239,N/A,N/A,N/A,N/A,N/A,N/A
a81cd797-e183-4e2d-99e0-8c99f127e2a8,217.32.20.54,N/A,N/A,N/A,N/A,N/A,N/A
7017f950-fba0-4453-be98-77b635fda479,220.106.73.247,N/A,N/A,N/A,N/A,N/A,N/A
cf371f81-9446-41b1-93fe-b070e6db489c,151.106.239.163,N/A,N/A,N/A,N/A,N/A,N/A
19413a73-bf89-4672-a070-b863527fbd3a,213.46.250.234,N/A,N/A,N/A,N/A,N/A,N/A
fde48af2-df8b-4f3b-a8ee-52296ff15250,191.206.138.234,N/A,N/A,N/A,N/A,N/A,N/A
3439340d-6e10-4863-a475-6548246e71ed,159.136.202.178,N/A,N/A,N/A,N/A,N/A,N/A
22c2d4f2-98f1-48b1-ab4d-e12b18b65492,147.8.64.81,N/A,N/A,N/A,N/A,N/A,N/A
dcfb01ce-ae5d-419f-8f38-f0c21ad3a9ad,96.113.175.58,N/A,N/A,N/A,N/A,N/A,N/A
6224e93c-bb20-42bf-b40f-956ce9064b81,98.105.198.35,N/A,N/A,N/A,N/A,N/A,N/A
9c8a8785-ad7f-41e7-a78b-b433972d5c8c,161.77.17.159,N/A,N/A,N/A,N/A,N/A,N/A
9b1a7b8d-3635-409e-95df-a847a39b62c5,35.255.27.186,N/A,N/A,N/A,N/A,N/A,N/A
540681f2-110a-43d9-96f8-678dca9f2a30,132.37.7.20,N/A,N/A,N/A,N/A,N/A,N/A
1d025663-e202-43e7-b978-f2fdc8df8987,99.28.42.148,N/A,N/A,N/A,N/A,N/A,N/A
2441554f-3507-475a-8628-db73001a2a2c,179.66.242.62,N/A,N/A,N/A,N/A,N/A,N/A
0f547bd9-2cf1-4a87-bf3a-f6b09a577b16,60.11.159.107,N/A,N/A,N/A,N/A,N/A,N/A
5b1ab000-11a8-4b22-ad95-391a0bdd790d,92.143.40.109,N/A,N/A,N/A,N/A,N/A,N/A
d975a5cd-dcd7-447d-83b8-8274af208e4c,196.145.133.221,N/A,N/A,N/A,N/A,N/A,N/A
19309982-da8f-44bb-af02-4ec7e095d1d2,72.61.157.225,N/A,N/A,N/A,N/A,N/A,N/A
8674f886-575f-4550-9748-b11b86a3453a,132.121.98.22,N/A,N/A,N/A,N/A,N/A,N/A
68b5dc89-f1db-4035-b4d3-8d701fbeddd0,204.78.135.185,N/A,N/A,N/A,N/A,N/A,N/A
7c5c0b23-27f0-4c5c-8cc0-a039afbe6457,1.167.124.99,N/A,N/A,N/A,N/A,N/A,N/A
8eed02ba-4574-486f-b7d7-e5457afc1cb0,53.216.205.194,N/A,N/A,N/A,N/A,N/A,N/A
a1c7aa7b-8a9f-486d-9a79-f8d96280bca6,220.134.99.16,N/A,N/A,N/A,N/A,N/A,N/A
0c50565f-4c21-4f62-9778-3cc32de26fb0,134.95.146.200,N/A,N/A,N/A,N/A,N/A,N/A
8cd0e47f-bd3a-4dfb-8827-2dd688b6751b,13.29.19.2,N/A,N/A,N/A,N/A,N/A,N/A
792be364-bc19-46d8-9f19-26e713a2b1c4,79.166.189.102,N/A,N/A,N/A,N/A,N/A,N/A
e7f475f6-e9da-478b-81fa-47d49bcdb68b,124.65.29.15,N/A,N/A,N/A,N/A,N/A,N/A
50d80a9f-f1cd-47c9-b1c9-05d41947ea34,218.64.154.215,N/A,N/A,N/A,N/A,N/A,N/A
3d459aca-edbf-4b75-a2a1-2fa64202f86e,156.84.47.171,N/A,N/A,N/A,N/A,N/A,N/A
d9c8b2ab-a8bd-433c-9112-3cc1233b80a5,164.179.250.169,N/A,N/A,N/A,N/A,N/A,N/A
fa469d52-1b3c-430f-95c2-157fe19ab018,179.98.30.33,N/A,N/A,N/A,N/A,N/A,N/A
ea5f33f1-fb47-4c23-8b3e-a1514d8548a6,188.242.81.175,N/A,N/A,N/A,N/A,N/A,N/A
cfcb601d-f1ec-4357-9c5e-30324be9c894,29.69.228.84,N/A,N/A,N/A,N/A,N/A,N/A
824b2ac0-d60f-4a9e-9f15-a92ab10805b1,156.186.48.27,N/A,N/A,N/A,N/A,N/A,N/A
a77ffcd0-11d5-4910-a7d0-8e5aff113484,85.154.149.51,N/A,N/A,N/A,N/A,N/A,N/A
3d2d099d-0f7b-49ae-9786-b28af90dcf27,222.196.77.131,N/A,N/A,N/A,N/A,N/A,N/A
1945af7c-fc08-4d20-9062-28d42c11eb8f,199.116.149.239,N/A,N/A,N/A,N/A,N/A,N/A
d4b3f14e-8f11-41bb-9ebd-e5ee12137194,116.64.130.224,N/A,N/A,N/A,N/A,N/A,N/A
8533d0e3-ad45-42ab-b808-47d0f3a98f0e,110.230.133.37,N/A,N/A,N/A,N/A,N/A,N/A
b110f484-6f22-49fe-987e-fe39cb51e776,58.154.240.44,N/A,N/A,N/A,N/A,N/A,N/A
72807fcd-9ce5-4de0-ab0f-dcaa67da0fb9,107.201.29.125,N/A,N/A,N/A,N/A,N/A,N/A
bddf65b0-1dad-4ecc-b971-49927a4984f1,205.124.83.25,N/A,N/A,N/A,N/A,N/A,N/A
1e01fce7-3e89-42fd-9e3a-2e2530d443e2,220.38.251.66,N/A,N/A,N/A,N/A,N/A,N/A
eabba1f4-3857-476f-b40b-dccaf0b86b8a,208.55.234.168,N/A,N/A,N/A,N/A,N/A,N/A
99c00556-f32e-4256-888e-084bfa56b82f,217.87.123.39,N/A,N/A,N/A,N/A,N/A,N/A
d0a6dd4a-bb88-42f0-8264-b0455985ee02,195.9.128.205,N/A,N/A,N/A,N/A,N/A,N/A
eabcae96-7073-493e-9491-5f4ba5d49b02,200.23.102.23,N/A,N/A,N/A,N/A,N/A,N/A
4a32f060-16fa-48d9-9cd9-7e4adea82b5b,188.241.166.25,N/A,N/A,N/A,N/A,N/A,N/A
d83b605c-4778-45bb-9c83-25eddd5b07e9,93.64.223.83,N/A,N/A,N/A,N/A,N/A,N/A
b1a9219a-20c1-4106-83df-d13a4d1bdfe2,30.44.158.6,N/A,N/A,N/A,N/A,N/A,N/A
7132f512-1b94-46e9-b166-778186a533df,150.136.88.163,N/A,N/A,N/A,N/A,N/A,N/A
1e0802f0-d864-4601-ac93-78b591392f2a,138.48.171.86,N/A,N/A,N/A,N/A,N/A,N/A
5de7bdd6-2c8e-4776-b54a-c845f84ef8f8,214.230.63.195,N/A,N/A,N/A,N/A,N/A,N/A
f2139cfa-b9ed-425f-b5ff-814d89982f98,22.194.164.180,N/A,N/A,N/A,N/A,N/A,N/A
cbabfaa4-ac21-4e88-b17a-8b3e90ded2f1,222.130.146.247,N/A,N/A,N/A,N/A,N/A,N/A
dcbd637d-4fd5-4242-a0a1-3e6b53232d1e,185.61.87.247,N/A,N/A,N/A,N/A,N/A,N/A
5baa459c-d889-4238-b789-bafdb4c79156,18.240.89.26,N/A,N/A,N/A,N/A,N/A,N/A
dfc09294-1f04-4323-a32c-bddba1e64f88,154.225.161.89,N/A,N/A,N/A,N/A,N/A,N/A
f5a8d884-be49-4b07-b00f-89ad96506a42,222.34.142.241,N/A,N/A,N/A,N/A,N/A,N/A
a9545bcf-9fbd-4df6-9cf2-e955f420b51f,112.67.238.214,N/A,N/A,N/A,N/A,N/A,N/A
f8608543-562a-43ce-a65f-306a1b33dbd5,132.45.38.148,N/A,N/A,N/A,N/A,N/A,N/A
e06c0165-ad00-4b20-9728-541a4d20d348,222.45.177.217,N/A,N/A,N/A,N/A,N/A,N/A
601cfec8-b542-4a12-bee6-acd4dd9021e3,152.157.195.17,N/A,N/A,N/A,N/A,N/A,N/A
630c38eb-b438-4901-a18e-b1ebabad0490,118.144.143.36,N/A,N/A,N/A,N/A,N/A,N/A
e8efa985-60d3-4051-a03b-52b6a41fde0d,197.84.121.119,N/A,N/A,N/A,N/A,N/A,N/A
b6982bf4-c5dd-41d0-9177-abe68b8b9918,223.186.152.68,N/A,N/A,N/A,N/A,N/A,N/A
0eef9c0b-0d33-489f-a14d-b3c0e6be215e,120.188.4.153,N/A,N/A,N/A,N/A,N/A,N/A
5a093edc-6391-4477-a8ee-21b0024b7069,13.245.179.127,N/A,N/A,N/A,N/A,N/A,N/A
92a5129a-f0a6-453e-98e1-6e6736686b6a,142.69.245.118,N/A,N/A,N/A,N/A,N/A,N/A
70411ead-2bd8-492d-acee-550e618dc062,203.113.22.141,N/A,N/A,N/A,N/A,N/A,N/A
4dc3fc94-acd5-4f5f-87d3-8435a24d2d75,159.86.178.57,N/A,N/A,N/A,N/A,N/A,N/A
4d6a8d1e-db4d-4987-ace9-6312ea50b6c3,148.79.1.92,N/A,N/A,N/A,N/A,N/A,N/A
9869a37c-028d-4109-a7b8-3f07470ce9df,167.173.93.80,N/A,N/A,N/A,N/A,N/A,N/A
278e0465-b17c-4ebe-9ec8-42d8c9b043df,219.47.48.114,N/A,N/A,N/A,N/A,N/A,N/A
a71ddaeb-a883-46be-978a-0382d06a0ab6,134.102.40.211,N/A,N/A,N/A,N/A,N/A,N/A
0fa45a8b-d455-40a5-bc28-a21e602b219f,53.148.74.99,N/A,N/A,N/A,N/A,N/A,N/A
19ff6984-f5cd-4a01-b938-63acbec7fd79,219.75.102.81,N/A,N/A,N/A,N/A,N/A,N/A
cff4a5d3-3910-4dd4-bd3d-a638ade71de8,160.250.233.135,N/A,N/A,N/A,N/A,N/A,N/A
365bbdf5-96ae-485c-a897-e90647c5ff68,205.42.94.94,N/A,N/A,N/A,N/A,N/A,N/A
52c5a393-eacc-4f5b-ad7d-2ecd210d7895,147.119.236.29,N/A,N/A,N/A,N/A,N/A,N/A
f106f038-0ff2-42f6-8a4d-fb36f78ee0d1,197.3.25.113,N/A,N/A,N/A,N/A,N/A,N/A
60c3d494-f175-4209-946b-44bb239e7998,192.217.154.177,N/A,N/A,N/A,N/A,N/A,N/A
ee896722-b6e9-4d1d-b27b-8c038fce246a,166.65.35.114,N/A,N/A,N/A,N/A,N/A,N/A
8dde8a34-92e7-4341-b90f-a0386b4ab898,141.198.58.132,N/A,N/A,N/A,N/A,N/A,N/A
713105fb-d703-46f0-a6aa-f4d41b95ee15,140.166.15.75,N/A,N/A,N/A,N/A,N/A,N/A
6c9da531-50e3-46b2-b3f9-06544dad0f6d,213.107.94.42,N/A,N/A,N/A,N/A,N/A,N/A
7c831cd5-9373-434d-b581-d8bd71b5a12d,172.70.39.125,N/A,N/A,N/A,N/A,N/A,N/A
911a96df-b252-418d-af57-082067a14193,203.243.216.237,N/A,N/A,N/A,N/A,N/A,N/A
e3f4db4b-c19b-4069-8e19-a36c8e95d310,113.201.46.249,N/A,N/A,N/A,N/A,N/A,N/A
b8d4ceb7-cfc1-406d-b5e8-77d806a0d6ff,175.67.122.201,N/A,N/A,N/A,N/A,N/A,N/A
0abd8f0e-1f61-498f-8020-502fd6ae98c6,7.21.202.18,N/A,N/A,N/A,N/A,N/A,N/A
eace2767-8034-401a-b1e0-f07ec22a7637,155.68.76.9,N/A,N/A,N/A,N/A,N/A,N/A
1edb50c0-91c7-45d0-a195-797daef63af9,187.99.216.165,N/A,N/A,N/A,N/A,N/A,N/A
0b4a4700-c9f6-4472-9341-e31c4f7f8ce0,204.90.240.82,N/A,N/A,N/A,N/A,N/A,N/A
0c3326a2-2f28-4755-9ce2-798377bbd460,142.245.199.130,N/A,N/A,N/A,N/A,N/A,N/A
163bd41f-8965-40ea-8e11-cdbc77235c72,36.18.170.196,N/A,N/A,N/A,N/A,N/A,N/A
cd47cbc9-32d2-4960-8cdf-b16c276f65dc,220.225.40.30,N/A,N/A,N/A,N/A,N/A,N/A
59d1a8f9-e19b-4e28-996c-67c991901438,35.206.45.18,N/A,N/A,N/A,N/A,N/A,N/A
0594159d-560b-4b16-b046-47e81fc01aa6,133.201.21.92,N/A,N/A,N/A,N/A,N/A,N/A
3f5cee22-4a3e-435d-9bd6-d6d7890736e2,206.45.154.253,N/A,N/A,N/A,N/A,N/A,N/A
ea6aa796-bab5-43d2-8574-291afec6c02c,15.20.168.83,N/A,N/A,N/A,N/A,N/A,N/A
ad227181-cc98-49ee-8064-89d70b016c51,115.30.228.208,N/A,N/A,N/A,N/A,N/A,N/A
3dd7adfd-f6f2-4758-bc89-dc7515d4663e,25.185.42.140,N/A,N/A,N/A,N/A,N/A,N/A
3e266bc5-b2c0-4eb7-9ebd-08902ccb3fa8,152.145.203.232,N/A,N/A,N/A,N/A,N/A,N/A
14693d64-f67f-4333-84e1-39b08d9c1153,201.36.96.48,N/A,N/A,N/A,N/A,N/A,N/A
327db98c-8402-49e2-98a8-11a2ccfa0e91,196.77.71.55,N/A,N/A,N/A,N/A,N/A,N/A
ddde541c-fe20-4c39-80d6-35d6ad54ef78,168.184.240.243,N/A,N/A,N/A,N/A,N/A,N/A
5c975ffb-1f55-4ea1-b6d9-c4ceb6adea84,208.91.179.191,N/A,N/A,N/A,N/A,N/A,N/A
9ce0743a-6687-4728-8618-5fb9b1fc0099,194.159.55.127,N/A,N/A,N/A,N/A,N/A,N/A
6159d480-e5c7-42ed-8f47-3610fa0687bc,184.217.22.188,N/A,N/A,N/A,N/A,N/A,N/A
3ff84965-cef5-4bd5-86da-07bc40edb475,222.59.132.69,N/A,N/A,N/A,N/A,N/A,N/A
d7fd8f5e-5ee0-4643-a5db-6a055e71b196,191.81.242.36,N/A,N/A,N/A,N/A,N/A,N/A
3a781df0-907b-412b-998d-bc58f49633a6,78.91.218.158,N/A,N/A,N/A,N/A,N/A,N/A
aeffc00c-a63e-42dc-adc9-db781099ae40,200.188.153.179,N/A,N/A,N/A,N/A,N/A,N/A
a09d99f1-4224-4ac2-b170-76b99fd35e4d,14.17.84.166,N/A,N/A,N/A,N/A,N/A,N/A
3c27c84d-979d-4a9c-a7f4-ba4142f24b17,22.122.45.165,N/A,N/A,N/A,N/A,N/A,N/A
19952238-85a4-4dd1-9396-5137e92e7cc2,193.245.93.99,N/A,N/A,N/A,N/A,N/A,N/A
8e137cf1-3e97-4873-a1b5-8dc09cb36e75,222.202.54.181,N/A,N/A,N/A,N/A,N/A,N/A
2e628fd8-8414-4cac-946f-9ee4983cf01a,123.221.185.112,N/A,N/A,N/A,N/A,N/A,N/A
ff81a544-0580-453b-adf4-132aa830615f,18.230.231.83,N/A,N/A,N/A,N/A,N/A,N/A
f7a6084f-2389-4d11-9e27-f21022f5c673,72.30.202.43,N/A,N/A,N/A,N/A,N/A,N/A
f9bd8891-3126-40c9-a834-c9db05e9baa3,222.170.146.130,N/A,N/A,N/A,N/A,N/A,N/A
0679b8f2-8998-4a38-b73e-57a01e32fc8f,202.206.118.58,N/A,N/A,N/A,N/A,N/A,N/A
e52982d3-52e0-4a71-b352-01dff1873e20,211.224.52.223,N/A,N/A,N/A,N/A,N/A,N/A
fcbdec57-a3f8-4ee6-a770-bb40e094e5a8,210.118.208.196,N/A,N/A,N/A,N/A,N/A,N/A
596f4fdb-c63a-4116-b265-43e7af39f46f,21.145.214.159,N/A,N/A,N/A,N/A,N/A,N/A
62bfede5-c93c-4461-bb8d-6d0cc3e0c7bf,54.144.76.78,N/A,N/A,N/A,N/A,N/A,N/A
96078448-d525-4c61-aab1-ee25bfd4776c,153.122.53.246,N/A,N/A,N/A,N/A,N/A,N/A
f0822a69-9ab5-4932-b11f-c21b80792ccb,201.37.70.20,N/A,N/A,N/A,N/A,N/A,N/A
5f8e4111-bdd2-4ab3-b52a-141baf45a4a7,147.242.209.33,N/A,N/A,N/A,N/A,N/A,N/A
bf8ff8d0-4922-4b87-b61d-69fcb1f4d836,217.171.242.162,N/A,N/A,N/A,N/A,N/A,N/A
4f8bf0a8-39f0-4761-a954-64fc0725f969,205.179.225.252,N/A,N/A,N/A,N/A,N/A,N/A
0d0d2af7-d940-4cf6-b6bb-94b306b83e84,20.108.151.72,N/A,N/A,N/A,N/A,N/A,N/A
b19adafb-a495-46d6-9399-0d9c6d3cbea9,72.131.51.22,N/A,N/A,N/A,N/A,N/A,N/A
292e74c7-9ab2-4f84-a2a9-cca6e3f0bb48,215.22.144.232,N/A,N/A,N/A,N/A,N/A,N/A
15d16069-e639-4cde-b699-37b33d9998cb,215.2.226.253,N/A,N/A,N/A,N/A,N/A,N/A
89a28ffd-de5d-4d2e-b59c-b2136b0342c4,134.103.189.188,N/A,N/A,N/A,N/A,N/A,N/A
f41fe5e6-fbc0-49b0-8c71-28f3dd77227e,194.233.176.124,N/A,N/A,N/A,N/A,N/A,N/A
866e1dfa-30bb-41a8-a680-06c4f6a2d220,222.59.215.254,N/A,N/A,N/A,N/A,N/A,N/A
b4afd9d4-6877-4821-b28a-8772ecf48d50,156.177.131.173,N/A,N/A,N/A,N/A,N/A,N/A
8efc320c-adf5-4004-b981-0c8d8067d4d7,185.172.24.240,N/A,N/A,N/A,N/A,N/A,N/A
e03bfa9e-e8f5-48dc-8b9b-d088d493b7fc,167.21.157.81,N/A,N/A,N/A,N/A,N/A,N/A
9bf0c319-0db7-46c2-913c-9bdcdc77467c,195.63.82.141,N/A,N/A,N/A,N/A,N/A,N/A
886e95a8-6149-4ac1-aee9-8a16843b8ec0,217.8.172.224,N/A,N/A,N/A,N/A,N/A,N/A
4bf65955-50c8-48f2-bc3a-3266559d1b9f,188.251.57.88,N/A,N/A,N/A,N/A,N/A,N/A
6d1b0470-7ea8-4edf-a455-0bac0ad5a3c5,31.29.208.138,N/A,N/A,N/A,N/A,N/A,N/A
937cf87e-5be6-4330-808b-e7e3719db75f,150.235.214.89,N/A,N/A,N/A,N/A,N/A,N/A
797db109-1163-4209-81e3-e1bd9c76c4e8,215.228.211.1,N/A,N/A,N/A,N/A,N/A,N/A
3790b2f1-ea8a-4a0d-bc03-3085e09238e9,130.106.239.158,N/A,N/A,N/A,N/A,N/A,N/A
e563ed6b-90cb-483e-a7aa-fbea4adb40a0,193.142.48.67,N/A,N/A,N/A,N/A,N/A,N/A
4d2970c6-6df6-42eb-932e-e2b5a6bfa8da,164.33.62.223,N/A,N/A,N/A,N/A,N/A,N/A
6b44f46d-b522-4c24-8230-e36f6f0c5215,218.83.217.242,N/A,N/A,N/A,N/A,N/A,N/A
21535eaa-fbb0-431b-bd62-781b188b47b6,207.70.100.63,N/A,N/A,N/A,N/A,N/A,N/A
2d1c800f-dd07-4611-8238-41e252e805cf,197.114.193.93,N/A,N/A,N/A,N/A,N/A,N/A
781514b4-d105-42de-b13b-f3c4754744fa,208.218.10.239,N/A,N/A,N/A,N/A,N/A,N/A
29ce21b0-46fc-4697-bb94-116992ac7849,108.20.27.176,N/A,N/A,N/A,N/A,N/A,N/A
edb7f694-a714-4365-b8aa-11f03ef7d63f,137.89.19.17,N/A,N/A,N/A,N/A,N/A,N/A
1c5fe4cd-0cfc-4a14-b752-a01e80bc5671,203.58.155.115,N/A,N/A,N/A,N/A,N/A,N/A
912bbe46-cff9-4c6d-be5a-04acce897b68,215.71.155.16,N/A,N/A,N/A,N/A,N/A,N/A
043ca8f9-dc74-40f3-a362-b60b88751591,137.72.152.144,N/A,N/A,N/A,N/A,N/A,N/A
24b9a5fa-8738-4224-8b5c-f12fb3638d40,85.97.124.129,N/A,N/A,N/A,N/A,N/A,N/A
b13a0cbe-b9c2-42da-b44e-4cd319d59497,117.24.46.149,N/A,N/A,N/A,N/A,N/A,N/A
36cb4fa7-725d-4cbb-9f0a-be95b6ccd086,129.106.32.59,N/A,N/A,N/A,N/A,N/A,N/A
4df4252b-4220-4e9d-a603-cab177cef4f5,85.212.148.116,N/A,N/A,N/A,N/A,N/A,N/A
5348a7fe-9940-4901-a854-ba6889d548fb,198.33.62.234,N/A,N/A,N/A,N/A,N/A,N/A
ab83890f-9660-4650-adfe-19a3203cde5f,33.19.76.148,N/A,N/A,N/A,N/A,N/A,N/A
6912230c-f432-4c41-ac97-539f487aa481,211.202.108.44,N/A,N/A,N/A,N/A,N/A,N/A
bbeecde9-d8c7-4627-a615-5884f0b6c2a7,193.77.24.165,N/A,N/A,N/A,N/A,N/A,N/A
dd1e1de4-9c04-4941-8d25-4879a1d464fd,214.14.92.50,N/A,N/A,N/A,N/A,N/A,N/A
8bf96266-afb5-43c4-bd9f-9bc8a428ec45,109.236.95.215,N/A,N/A,N/A,N/A,N/A,N/A
0d69fa93-0956-4cfc-a0b5-0949a95d81f6,114.254.185.95,N/A,N/A,N/A,N/A,N/A,N/A
330c9384-bbad-480b-9960-06a3785b07b5,192.224.168.143,N/A,N/A,N/A,N/A,N/A,N/A
b3728755-5e74-47a8-a615-8674b14cbdeb,96.159.183.117,N/A,N/A,N/A,N/A,N/A,N/A
e333adc2-0d6f-4ee1-8a09-b7fdc73ab9fd,202.189.178.191,N/A,N/A,N/A,N/A,N/A,N/A
d9d9cdf5-93f4-4222-995b-f0be92c9edb5,18.122.227.63,N/A,N/A,N/A,N/A,N/A,N/A
ee220260-8eb1-4f74-a2dc-4914082793ea,103.83.119.21,N/A,N/A,N/A,N/A,N/A,N/A
c8acdc42-7d5e-4f38-86e8-a8d75f1eff98,199.54.181.10,N/A,N/A,N/A,N/A,N/A,N/A
181d2ce3-c7f1-4074-a9e0-149715b3f984,210.191.92.121,N/A,N/A,N/A,N/A,N/A,N/A
1d4ee7a2-31af-4f5b-ad75-2f49ec973658,200.42.24.149,N/A,N/A,N/A,N/A,N/A,N/A
7947edcb-f441-46a9-ac14-31c1ae743989,207.84.191.137,N/A,N/A,N/A,N/A,N/A,N/A
87aac27c-59e4-44b3-8644-490a61d02ea5,68.254.248.164,N/A,N/A,N/A,N/A,N/A,N/A
7e4d3aad-4836-48bf-b8d7-4c45f3ea18bc,93.246.5.145,N/A,N/A,N/A,N/A,N/A,N/A
28c6f398-89f7-47df-9c1a-85e9854189da,143.245.179.42,N/A,N/A,N/A,N/A,N/A,N/A
31b92618-fc46-4c3b-8478-a2369e3fea2d,24.99.79.208,N/A,N/A,N/A,N/A,N/A,N/A
6b96fe84-93eb-42b1-aed7-5c16d2e9b910,164.87.60.253,N/A,N/A,N/A,N/A,N/A,N/A
79cff97b-a480-480f-8e6c-135a8024ba06,69.68.65.210,N/A,N/A,N/A,N/A,N/A,N/A
65036ee7-5f78-4007-adaf-8392bc95a93c,163.248.145.60,N/A,N/A,N/A,N/A,N/A,N/A
fbc3e872-2242-4e76-a09b-c3c613430712,195.25.242.38,N/A,N/A,N/A,N/A,N/A,N/A
8afaf19b-fe7a-4f49-9c85-2a006aee0c81,27.192.57.210,N/A,N/A,N/A,N/A,N/A,N/A
67d3a4e3-2ded-4630-a082-2c8b11eb37f6,212.203.15.200,N/A,N/A,N/A,N/A,N/A,N/A
a0ed4caa-e8bc-44e7-a5ea-5302366445e8,195.186.82.186,N/A,N/A,N/A,N/A,N/A,N/A
01be3b14-e28a-4194-8de1-9934ccb16ece,61.45.111.20,N/A,N/A,N/A,N/A,N/A,N/A
30a57d86-0d00-42a5-8169-91fe1c534806,218.243.210.149,N/A,N/A,N/A,N/A,N/A,N/A
dc781562-a01b-4f92-93ac-94d49819d2d5,169.55.127.142,N/A,N/A,N/A,N/A,N/A,N/A
2a486620-7107-455a-942f-42cc1de98d04,151.180.161.6,N/A,N/A,N/A,N/A,N/A,N/A
7e624476-6a74-47d2-8ecf-3945478e4605,2.131.168.27,N/A,N/A,N/A,N/A,N/A,N/A
8e36d2dd-74d5-468a-ae64-bfc8d9d11c5d,110.37.233.233,N/A,N/A,N/A,N/A,N/A,N/A
64d40c29-4e86-4058-a35b-36ff53c511d0,215.234.161.72,N/A,N/A,N/A,N/A,N/A,N/A
0601c9e9-1aab-4946-8d4d-d3b2c8f47027,16.13.199.158,N/A,N/A,N/A,N/A,N/A,N/A
11239cb9-d5bd-4fc2-8da4-a018c9f78dde,223.210.160.135,N/A,N/A,N/A,N/A,N/A,N/A
8949240b-4308-4f65-98b7-5970ebe9c1ed,214.28.183.241,N/A,N/A,N/A,N/A,N/A,N/A
7d2be35b-f9a6-4c4c-ac30-e09959dfa00c,195.181.182.1,N/A,N/A,N/A,N/A,N/A,N/A
58c85020-f91d-4329-be93-128bec6a4903,210.79.50.62,N/A,N/A,N/A,N/A,N/A,N/A
dc451cfb-3336-4ce3-9a7f-11d99f744eda,163.16.60.9,N/A,N/A,N/A,N/A,N/A,N/A
d251e9e4-bc1a-439c-914d-9c4ba3130ac4,193.48.216.35,N/A,N/A,N/A,N/A,N/A,N/A
e7ba2a17-5a51-48cf-8b66-8907f5598213,35.135.119.106,N/A,N/A,N/A,N/A,N/A,N/A
6243c5d2-0d65-4c23-b097-8b943a27202e,146.168.179.217,N/A,N/A,N/A,N/A,N/A,N/A
d37d0aa3-961d-408e-ad6b-77c9a4c7bf03,36.215.133.122,N/A,N/A,N/A,N/A,N/A,N/A
2eb57284-bb92-46fb-9e36-995e1ecddf32,46.234.221.66,N/A,N/A,N/A,N/A,N/A,N/A
439955f8-58f4-46e8-bac6-537f99e4db25,216.237.121.30,N/A,N/A,N/A,N/A,N/A,N/A
a2bb3b08-c3dc-417c-87a5-e7b9dcb6ecd6,172.39.177.152,N/A,N/A,N/A,N/A,N/A,N/A
85ec0925-6902-4677-b989-1950a1490c5d,194.34.52.29,N/A,N/A,N/A,N/A,N/A,N/A
522a2cda-0fe8-4b97-987a-9ed852297e95,204.129.83.155,N/A,N/A,N/A,N/A,N/A,N/A
0ad2a789-847b-45bf-9261-e2fa6262b6dc,194.147.189.138,N/A,N/A,N/A,N/A,N/A,N/A
adeecd58-a64c-415b-84b6-293baed3f234,212.40.151.205,N/A,N/A,N/A,N/A,N/A,N/A
7de0acf6-fafb-4421-a9f7-d36f7d33e487,80.86.127.123,N/A,N/A,N/A,N/A,N/A,N/A
4992c3ca-8950-44b1-967f-95d77da976c2,184.107.175.148,N/A,N/A,N/A,N/A,N/A,N/A
7c0d6a22-fc84-44ca-85ba-ee95b2df88ae,218.223.40.85,N/A,N/A,N/A,N/A,N/A,N/A
12bc7121-f7a5-443f-b200-66ff91cbe973,156.216.129.13,N/A,N/A,N/A,N/A,N/A,N/A
56866b5c-e1eb-4c65-acfc-888a73800935,198.55.218.110,N/A,N/A,N/A,N/A,N/A,N/A
d552221d-de87-4723-b0df-48c1253c22b4,137.254.213.38,N/A,N/A,N/A,N/A,N/A,N/A
a6103b37-4e02-450f-ab16-59b0f3a82e32,35.219.132.239,N/A,N/A,N/A,N/A,N/A,N/A
4219b48e-ef32-431c-ab7b-781c9f3d8f6e,56.124.61.162,N/A,N/A,N/A,N/A,N/A,N/A
ad3cf730-69c9-46ac-81fd-bca6c6c775cb,18.185.132.138,N/A,N/A,N/A,N/A,N/A,N/A
a15ee8d1-67fe-4e8e-87a3-8985e1b7c390,140.210.165.91,N/A,N/A,N/A,N/A,N/A,N/A
9a0925d3-5e65-4550-8da7-93c4a026f979,132.213.155.238,N/A,N/A,N/A,N/A,N/A,N/A
36e75f59-d805-46e3-acfa-e8fed91027fe,170.13.176.249,N/A,N/A,N/A,N/A,N/A,N/A
0771416a-762e-4f0d-bd2a-457ab526c143,95.88.189.28,N/A,N/A,N/A,N/A,N/A,N/A
9ef70715-f1ac-4909-8833-f448e211c5f4,113.9.251.139,N/A,N/A,N/A,N/A,N/A,N/A
e73610cf-8713-4a99-89d8-66f7f30be865,213.23.97.172,N/A,N/A,N/A,N/A,N/A,N/A
53930a41-d6c9-4a50-a569-d082204577d6,62.83.53.46,N/A,N/A,N/A,N/A,N/A,N/A
310f97ec-d2c5-4529-9b90-5affe5f72f1f,207.157.118.48,N/A,N/A,N/A,N/A,N/A,N/A
2fad0951-f945-4c39-8ad7-ee88e3c42f7e,33.93.20.17,N/A,N/A,N/A,N/A,N/A,N/A
bf065f0e-124c-4d4d-be66-6802a09c8c7a,189.86.208.84,N/A,N/A,N/A,N/A,N/A,N/A
1dddf349-166e-4648-a314-87d359638154,145.72.170.179,N/A,N/A,N/A,N/A,N/A,N/A
ac9fa435-b556-41f5-a4af-6e7240b57608,191.29.177.229,N/A,N/A,N/A,N/A,N/A,N/A
f657855d-a449-4cbb-a0b6-ecb0bad2fd9f,200.167.84.127,N/A,N/A,N/A,N/A,N/A,N/A
e99ab5a1-d5e6-491a-96ef-7c6e0aa817a1,210.100.147.95,N/A,N/A,N/A,N/A,N/A,N/A
5c76409c-ef0e-4fb5-a394-cce110a2bf5f,175.161.63.61,N/A,N/A,N/A,N/A,N/A,N/A
a52427a2-b889-46fd-af26-c5080c651f9c,96.139.207.137,N/A,N/A,N/A,N/A,N/A,N/A
6bdef7a9-f171-4c98-8f83-4ddd69295bf3,219.203.209.237,N/A,N/A,N/A,N/A,N/A,N/A
a0577864-0dc7-4813-a33f-488f6108efe6,42.26.217.71,N/A,N/A,N/A,N/A,N/A,N/A
b2b1e273-d783-4776-98fc-c85b4214e460,222.0.63.5,N/A,N/A,N/A,N/A,N/A,N/A
23935c2b-b466-4826-bf6a-601edf906e3a,4.209.119.133,N/A,N/A,N/A,N/A,N/A,N/A
3f0671f2-bece-48a8-8754-a6bcdb68a307,138.176.200.205,N/A,N/A,N/A,N/A,N/A,N/A
3dcc94eb-2157-436d-9ceb-87e3860013d0,189.6.65.61,N/A,N/A,N/A,N/A,N/A,N/A
fd62d895-61fd-412f-8b31-45971c6b762a,192.228.108.185,N/A,N/A,N/A,N/A,N/A,N/A
d9bdc19d-936a-4600-881c-e8c04ef4ae80,71.183.110.2,N/A,N/A,N/A,N/A,N/A,N/A
999a58af-2edd-47c2-b101-31e998f43e2f,111.123.51.14,N/A,N/A,N/A,N/A,N/A,N/A
8f9ba3b4-077f-4042-ab59-6f7c1b65a09f,170.221.236.245,N/A,N/A,N/A,N/A,N/A,N/A
b632828f-d5e4-4d9f-aa68-752d25fbf9b5,5.255.23.5,N/A,N/A,N/A,N/A,N/A,N/A
fe3be052-517f-4158-a18c-459031fda657,42.232.184.170,N/A,N/A,N/A,N/A,N/A,N/A
6f7f611c-f27a-4447-b2dc-7432248a71ec,111.80.10.120,N/A,N/A,N/A,N/A,N/A,N/A
392bbacf-7139-4d85-a55e-c7ec9522fafb,206.36.70.75,N/A,N/A,N/A,N/A,N/A,N/A
fd97715d-1187-473f-a3d3-90e7b0e29309,205.70.1.23,N/A,N/A,N/A,N/A,N/A,N/A
7fefbf88-40cd-43e5-b061-9f1262c7eeb6,103.132.199.182,N/A,N/A,N/A,N/A,N/A,N/A
03dc7531-91f0-4bf3-adde-09ea24fc6fc1,211.99.112.176,N/A,N/A,N/A,N/A,N/A,N/A
13460ada-8333-4cfc-a56d-5c28558260b5,200.10.179.60,N/A,N/A,N/A,N/A,N/A,N/A
3e463018-5d9a-49aa-94d2-c5256e84e661,156.114.162.21,N/A,N/A,N/A,N/A,N/A,N/A
6778cb36-337a-46bf-9fc1-64d5ed2b9832,193.59.80.192,N/A,N/A,N/A,N/A,N/A,N/A
c1af10a9-e9b5-45a6-8c82-75e2b1cffdbe,211.66.36.109,N/A,N/A,N/A,N/A,N/A,N/A
dbb7a498-1a1c-4d47-8c8c-136fe23880fc,103.82.167.72,N/A,N/A,N/A,N/A,N/A,N/A
53da5acc-be10-4feb-b767-90e8865bb4f4,141.221.216.202,N/A,N/A,N/A,N/A,N/A,N/A
ad3e3812-39ec-4989-9994-005c8a58f479,183.215.78.79,N/A,N/A,N/A,N/A,N/A,N/A
2d0c92cf-f050-4f27-8fc6-bb40f30ab2e1,205.76.131.215,N/A,N/A,N/A,N/A,N/A,N/A
eb3d9566-f9d3-4e4a-b93c-0e3dbd5bd0df,173.225.100.168,N/A,N/A,N/A,N/A,N/A,N/A
88ba68f6-c57a-4763-a2d1-cc9eb6954a44,114.80.123.144,N/A,N/A,N/A,N/A,N/A,N/A
0a2e17c3-5d6a-40b2-81ea-45a07f8b00a6,115.94.127.67,N/A,N/A,N/A,N/A,N/A,N/A
346dd119-30c8-4f86-8b53-150d74237812,69.197.194.237,N/A,N/A,N/A,N/A,N/A,N/A
c78ba12d-683d-4a3b-8ad4-90fa7b68fe88,32.35.29.166,N/A,N/A,N/A,N/A,N/A,N/A
cb063eeb-120c-41ef-8b69-8883987347f8,204.207.58.244,N/A,N/A,N/A,N/A,N/A,N/A
edf9435d-55b7-42e8-91f2-626f0baa8f02,32.192.154.144,N/A,N/A,N/A,N/A,N/A,N/A
f7cacc94-0a92-491d-bea6-541013826263,207.228.226.25,N/A,N/A,N/A,N/A,N/A,N/A
4f34feef-1657-463b-8338-a03cdabc01e1,198.99.103.190,N/A,N/A,N/A,N/A,N/A,N/A
96c4da97-f654-4067-bfeb-007e7799bbec,14.130.81.187,N/A,N/A,N/A,N/A,N/A,N/A
58e422a5-f634-4ab6-b4f2-ff070d05bddf,182.162.170.166,N/A,N/A,N/A,N/A,N/A,N/A
88e3ea5d-616a-457d-bd50-0715e603e7a4,219.196.140.113,N/A,N/A,N/A,N/A,N/A,N/A
5353a833-578e-465a-b6d9-4b33abca699f,221.179.145.130,N/A,N/A,N/A,N/A,N/A,N/A
0702ccb2-caab-4223-a10f-d350e16f9903,66.156.142.30,N/A,N/A,N/A,N/A,N/A,N/A
60bd9327-a80b-468f-a040-cea9bbe047e3,42.127.147.29,N/A,N/A,N/A,N/A,N/A,N/A
16f9afe7-8e3d-4de2-89bc-e18c0737c20e,215.253.183.133,N/A,N/A,N/A,N/A,N/A,N/A
657a2e68-0413-403a-b0b5-990ee05f89ba,62.17.187.249,N/A,N/A,N/A,N/A,N/A,N/A
10c72825-a9bb-4328-a1c1-e4eaa03d41b5,221.118.57.244,N/A,N/A,N/A,N/A,N/A,N/A
892e96e3-44cb-4ca0-8da0-4e1e4f7f9c78,128.82.119.108,N/A,N/A,N/A,N/A,N/A,N/A
c1820532-bec1-498c-ba46-82f500aca9d5,166.24.10.111,N/A,N/A,N/A,N/A,N/A,N/A
305c3c32-fd44-4751-9359-179d2383c804,186.130.51.36,N/A,N/A,N/A,N/A,N/A,N/A
04f4ccab-bcd3-41c6-bb2d-3c6d1976aec5,5.151.118.90,N/A,N/A,N/A,N/A,N/A,N/A
9551503a-a7c9-42e9-9e45-a9b45f0d0946,173.214.254.95,N/A,N/A,N/A,N/A,N/A,N/A
92a1fc53-98e2-4e25-b5ee-27ff07196b3f,76.83.70.71,N/A,N/A,N/A,N/A,N/A,N/A
d1339809-57f7-473c-9784-f851c7805965,47.142.30.57,N/A,N/A,N/A,N/A,N/A,N/A
fd214556-c2c6-42f6-88a0-3078b2820aec,195.141.48.209,N/A,N/A,N/A,N/A,N/A,N/A
26534a65-e24a-457f-b7dd-3b0645fd54f8,117.175.50.203,N/A,N/A,N/A,N/A,N/A,N/A
f38ee3a3-1cf6-4bb2-8822-ffdeae5b2efb,147.49.2.70,N/A,N/A,N/A,N/A,N/A,N/A
c83da4f3-a050-4bd0-bf62-7f55c79c0577,53.191.204.115,N/A,N/A,N/A,N/A,N/A,N/A
89aab609-d967-4738-bf14-b9db0a96c167,172.2.220.34,N/A,N/A,N/A,N/A,N/A,N/A
338923ea-c367-42fe-948a-4d37e59059b5,17.82.228.9,N/A,N/A,N/A,N/A,N/A,N/A
20606466-b65c-4a2d-bdc7-9f1ebd598c4e,152.45.96.157,N/A,N/A,N/A,N/A,N/A,N/A
6579ef6b-95a2-4279-9f24-9685e3de265b,222.29.191.105,N/A,N/A,N/A,N/A,N/A,N/A
1e48b3b4-4f46-4131-9e49-6e15de754432,68.163.70.248,N/A,N/A,N/A,N/A,N/A,N/A
191cf8f0-8ee6-4027-820f-81c1366f7a0e,137.16.66.186,N/A,N/A,N/A,N/A,N/A,N/A
a65da796-9c8d-4809-8e8f-7542c050bdd4,134.173.155.129,N/A,N/A,N/A,N/A,N/A,N/A
047ac270-1240-4217-b41e-e5e027c5bb10,200.24.160.25,N/A,N/A,N/A,N/A,N/A,N/A
d484eae0-a603-4140-aecc-e0bcbda1641b,198.128.29.97,N/A,N/A,N/A,N/A,N/A,N/A
5db264a6-31b6-4769-8781-36de1c8f428c,151.131.14.92,N/A,N/A,N/A,N/A,N/A,N/A
db5effb6-c2ac-4fbc-a25d-de693c9827a2,27.170.79.15,N/A,N/A,N/A,N/A,N/A,N/A
21ba7dd7-fe6a-4d67-ae69-318258468895,32.242.214.15,N/A,N/A,N/A,N/A,N/A,N/A
df576746-f456-49c6-9782-a98f4f68a120,185.142.35.7,N/A,N/A,N/A,N/A,N/A,N/A
d396ab35-9b67-4f05-b0ca-fb894237af15,220.206.183.203,N/A,N/A,N/A,N/A,N/A,N/A
dce4fa86-7ebb-429c-86a4-2bb099043328,208.207.5.148,N/A,N/A,N/A,N/A,N/A,N/A
c264d34d-b2a9-4328-b5e1-f0025f9dacf9,150.91.231.161,N/A,N/A,N/A,N/A,N/A,N/A
b1a78141-5439-4f1a-b6c2-3fb5788c8732,71.251.43.86,N/A,N/A,N/A,N/A,N/A,N/A
1ee997be-77c8-4a30-a9db-a7b93a095c63,58.124.3.16,N/A,N/A,N/A,N/A,N/A,N/A
8e901a91-7942-4b26-bed6-2888bf5caeea,16.47.242.147,N/A,N/A,N/A,N/A,N/A,N/A
d4e28931-3281-4cd3-b893-59d44b66f252,199.91.82.162,N/A,N/A,N/A,N/A,N/A,N/A
b9a3f127-7cae-45c5-b1d1-fc4e3377975f,193.82.13.248,N/A,N/A,N/A,N/A,N/A,N/A
8f7479d7-2c29-4559-a38e-605de13e5c85,98.195.236.143,N/A,N/A,N/A,N/A,N/A,N/A
8c1f2520-3d1e-4453-809d-7d30dbeb171f,189.174.127.210,N/A,N/A,N/A,N/A,N/A,N/A
1b542d8d-c18d-4a40-9826-9130cd1d1eef,133.112.118.7,N/A,N/A,N/A,N/A,N/A,N/A
83b6b86c-9b4e-424a-a630-0326e05469f9,193.21.226.27,N/A,N/A,N/A,N/A,N/A,N/A
b3e0eb20-1691-4166-821b-80f8c84a69db,128.95.78.30,N/A,N/A,N/A,N/A,N/A,N/A
3db20234-8363-4625-95b4-00b212f5fb8f,216.42.216.168,N/A,N/A,N/A,N/A,N/A,N/A
4b068995-5ac7-4b0e-b87a-b288777919a9,197.106.188.124,N/A,N/A,N/A,N/A,N/A,N/A
81116354-b3ce-4827-ba69-513cf9379e6a,161.238.208.16,N/A,N/A,N/A,N/A,N/A,N/A
937c40fb-08c0-46e5-b4a8-23a710ec5227,221.128.231.235,N/A,N/A,N/A,N/A,N/A,N/A
e6eea40a-fab2-4e24-baae-ef5dfa6dc016,219.59.225.99,N/A,N/A,N/A,N/A,N/A,N/A
d9571a88-e70d-4904-b9b4-1d0a284bc7e6,207.87.217.230,N/A,N/A,N/A,N/A,N/A,N/A
25d0de02-436b-43ee-bc4d-aae36bf90300,215.39.62.62,N/A,N/A,N/A,N/A,N/A,N/A
8bc3bc63-6c67-4d85-8819-7b2f229482cf,110.166.150.252,N/A,N/A,N/A,N/A,N/A,N/A
6fda2a8d-47c5-4db8-9265-6c182b94299d,223.22.61.255,N/A,N/A,N/A,N/A,N/A,N/A
d2c3a44e-3ce2-4784-8196-5703a28e87c9,184.60.100.168,N/A,N/A,N/A,N/A,N/A,N/A
2d5ea6d7-713c-4ba5-9b62-6edf6c377909,133.179.59.241,N/A,N/A,N/A,N/A,N/A,N/A
ca0b7dff-52eb-4aa1-9989-62412f7bc50c,117.243.175.90,N/A,N/A,N/A,N/A,N/A,N/A
8b39db03-4e18-4890-9016-2d196e7ce9e1,141.170.167.192,N/A,N/A,N/A,N/A,N/A,N/A
bde89c02-dd26-40ea-8311-d1c20094de4b,162.78.172.128,N/A,N/A,N/A,N/A,N/A,N/A
989ec5bf-f649-4202-97f8-f0aabafc49b4,201.166.72.180,N/A,N/A,N/A,N/A,N/A,N/A
4774a4ef-9413-40b3-bb2c-c30c2d3f3602,221.149.85.179,N/A,N/A,N/A,N/A,N/A,N/A
26fc7633-d1f3-4abe-bd16-f1db941d00b0,212.187.34.79,N/A,N/A,N/A,N/A,N/A,N/A
d2b7ecd8-af1e-4c8e-995a-8013bad4eb49,198.217.217.158,N/A,N/A,N/A,N/A,N/A,N/A
096bd134-938b-40ff-841c-9cdde3d2c457,144.183.214.29,N/A,N/A,N/A,N/A,N/A,N/A
c0c2c15a-4ec7-4c87-a0b6-e3f74f18719e,202.190.153.45,N/A,N/A,N/A,N/A,N/A,N/A
f9aab3bb-dec2-4f93-a8eb-25c2613033b3,88.127.42.25,N/A,N/A,N/A,N/A,N/A,N/A
a4a2e89d-9d2d-4d8a-9add-c1a009088f8a,47.226.100.62,N/A,N/A,N/A,N/A,N/A,N/A
b5d39cc3-25e8-478d-a949-67822aabc505,222.222.175.116,N/A,N/A,N/A,N/A,N/A,N/A
1d180f7d-7f66-4bab-a052-0b01c5faafe2,89.26.51.241,N/A,N/A,N/A,N/A,N/A,N/A
552a0ae9-72bd-42e9-998c-f3aa1367f8d5,152.231.34.145,N/A,N/A,N/A,N/A,N/A,N/A
1bcd4846-0e0e-4587-a23e-35fd3c0d5fa1,93.59.237.118,N/A,N/A,N/A,N/A,N/A,N/A
86fbf461-1ae0-4820-a6e0-6f34ca70464a,155.39.242.1,N/A,N/A,N/A,N/A,N/A,N/A
e288c751-bb77-4fa5-a751-e0a88d1eac50,203.222.103.40,N/A,N/A,N/A,N/A,N/A,N/A
dfe105ed-20b4-48a4-a57b-03185b9b37b3,212.162.91.30,N/A,N/A,N/A,N/A,N/A,N/A
5044d629-5f01-439b-9d02-d0cc3740a4b9,142.178.85.248,N/A,N/A,N/A,N/A,N/A,N/A
28a3fdd1-25c9-46bc-b803-2440e41c9130,198.248.40.115,N/A,N/A,N/A,N/A,N/A,N/A
18ebcc84-d17a-494c-ae7e-3277ab7cc00a,103.66.34.31,N/A,N/A,N/A,N/A,N/A,N/A
88ea5638-102b-4fa9-815d-20f7f136acca,199.161.62.113,N/A,N/A,N/A,N/A,N/A,N/A
8adc8a37-42ff-4d0b-94b4-f3a05b97803c,119.134.177.190,N/A,N/A,N/A,N/A,N/A,N/A
40a13d9a-9067-47e0-9416-43f8109d68c8,159.233.176.70,N/A,N/A,N/A,N/A,N/A,N/A
0acc4f52-b299-45f4-9d0e-9057a4247ad9,173.132.67.133,N/A,N/A,N/A,N/A,N/A,N/A
c392cb53-b4f4-4625-9b03-0c08b03ed11d,199.95.36.3,N/A,N/A,N/A,N/A,N/A,N/A
aaf79947-04e2-4ecf-b533-55495f9c483f,151.169.190.23,N/A,N/A,N/A,N/A,N/A,N/A
dc9e9f92-7d0b-4e5c-8e5e-c9a57b3b7245,110.171.207.24,N/A,N/A,N/A,N/A,N/A,N/A
7083d200-e94a-4aaa-b1be-f76f01eac6c5,213.87.160.18,N/A,N/A,N/A,N/A,N/A,N/A
b3736609-bce9-4a1b-84fc-b2a68953046b,220.194.166.240,N/A,N/A,N/A,N/A,N/A,N/A
00c1cb44-73fc-45ab-96b1-ec012fdabcdb,142.29.40.133,N/A,N/A,N/A,N/A,N/A,N/A
1272462b-a7ef-491e-bfff-36589b0ff812,69.72.150.194,N/A,N/A,N/A,N/A,N/A,N/A
94fa4e9b-247e-44a0-b57b-5696b1d26d9f,219.231.190.51,N/A,N/A,N/A,N/A,N/A,N/A
7ff111be-e3d7-4f46-97d6-91496f37e1d9,123.199.48.152,N/A,N/A,N/A,N/A,N/A,N/A
6322bb4f-78ed-41f5-b100-f26da1437bb9,75.16.208.92,N/A,N/A,N/A,N/A,N/A,N/A
f7ec4e03-db20-45e1-9e02-fa33b0a98c61,216.51.129.243,N/A,N/A,N/A,N/A,N/A,N/A
055dc092-69f9-4cef-ab7e-e812b2ef6c85,82.27.6.228,N/A,N/A,N/A,N/A,N/A,N/A
09a376d8-6098-44d0-908e-d08f668e6161,207.21.170.61,N/A,N/A,N/A,N/A,N/A,N/A
25042fad-306c-44f0-abad-9f33f7b2bd9e,212.77.73.87,N/A,N/A,N/A,N/A,N/A,N/A
7d15941e-1ef0-46f0-9064-780a78c1cd38,156.172.23.42,N/A,N/A,N/A,N/A,N/A,N/A
9f9bfcb5-6e65-41ac-a05d-51db445f4ffe,82.123.236.87,N/A,N/A,N/A,N/A,N/A,N/A
4be1ada7-24c6-4309-995a-fa5e60b5cdbf,175.127.209.61,N/A,N/A,N/A,N/A,N/A,N/A
241cebe8-6d2c-496b-94a7-9889706234ce,142.114.138.170,N/A,N/A,N/A,N/A,N/A,N/A
14e75beb-0ce0-4e26-91b2-b59ad3b92e9b,162.66.181.125,N/A,N/A,N/A,N/A,N/A,N/A
c684c2fd-98ad-4c75-a75b-2451880f1dbc,120.52.241.176,N/A,N/A,N/A,N/A,N/A,N/A
7589bf2a-abce-4e0d-837c-7eb4a373b4c1,200.240.71.92,N/A,N/A,N/A,N/A,N/A,N/A
0f3d69df-d92a-4fff-86a9-37e3a38611e9,195.253.189.81,N/A,N/A,N/A,N/A,N/A,N/A
66dc5e9d-5233-4ded-9bb8-804a13afb0a2,183.149.2.217,N/A,N/A,N/A,N/A,N/A,N/A
cfa24827-b8d0-4c3e-a972-a3c280be33d8,206.50.231.153,N/A,N/A,N/A,N/A,N/A,N/A
8ce32855-7aed-43b4-9701-b5eaadb172b3,192.5.26.158,N/A,N/A,N/A,N/A,N/A,N/A
9b467a6f-2b91-488b-9c46-ae7171a8eb89,161.75.221.206,N/A,N/A,N/A,N/A,N/A,N/A
93feca56-fd6e-44d8-90a2-5fad4c9cb926,130.137.84.249,N/A,N/A,N/A,N/A,N/A,N/A
41debbc9-0e0b-42f3-ab76-d82ed5bd80ed,201.159.214.69,N/A,N/A,N/A,N/A,N/A,N/A
ccb3f0b7-533f-41aa-af4c-4e0e056798d5,170.150.145.92,N/A,N/A,N/A,N/A,N/A,N/A
cc798389-bbc7-4584-a731-0c04bf55d388,20.171.191.45,N/A,N/A,N/A,N/A,N/A,N/A
dd3382b3-2c9c-432a-8f22-d8a76a9257dd,101.3.140.53,N/A,N/A,N/A,N/A,N/A,N/A
a03ff0af-dca9-4a4b-97ac-32c38038a49e,218.173.252.243,N/A,N/A,N/A,N/A,N/A,N/A
cf7e8be7-4ff1-4261-9b81-c59a375229f9,219.27.147.57,N/A,N/A,N/A,N/A,N/A,N/A
9194bb52-f53f-4cad-a1e7-1b0d9c90d841,151.70.205.21,N/A,N/A,N/A,N/A,N/A,N/A
d9d4ab72-8f46-451d-923a-e55d61af786c,144.174.46.159,N/A,N/A,N/A,N/A,N/A,N/A
3648da2a-f88a-4c48-a32e-1f5be9932fd5,94.140.55.77,N/A,N/A,N/A,N/A,N/A,N/A
7d2209d3-8f04-47cc-a6a0-51ef2ccdb407,162.100.174.101,N/A,N/A,N/A,N/A,N/A,N/A
afb266b2-5f61-408f-b013-1ca25af3f3df,208.225.117.15,N/A,N/A,N/A,N/A,N/A,N/A
d73d6eba-8e5b-4e3a-8fbc-f5b25cfcc755,1.76.73.99,N/A,N/A,N/A,N/A,N/A,N/A
f4700afc-0a33-4e7b-b7e6-4056638f79a2,206.118.218.58,N/A,N/A,N/A,N/A,N/A,N/A
162cd3d1-9235-47c4-ba21-e73720622108,206.66.75.41,N/A,N/A,N/A,N/A,N/A,N/A
a3df49ed-4430-427f-9a15-88e40f992925,206.138.250.248,N/A,N/A,N/A,N/A,N/A,N/A
ad03f373-40e4-4269-94c8-15c579cfdaf6,212.240.28.131,N/A,N/A,N/A,N/A,N/A,N/A
8aabefe2-fc93-43c7-b93f-dd26317bb336,148.34.54.208,N/A,N/A,N/A,N/A,N/A,N/A
1d196fc7-7276-4030-9bf0-32df03837763,52.186.106.29,N/A,N/A,N/A,N/A,N/A,N/A
626b314b-1e4b-4c0b-84db-b1dd49bcaa78,155.207.149.4,N/A,N/A,N/A,N/A,N/A,N/A
6000093a-27ff-4ecb-aaa0-d013f02ab23b,223.203.26.255,N/A,N/A,N/A,N/A,N/A,N/A
c45f81c5-10b6-4fb5-95c6-ac27e011ff3f,183.113.222.159,N/A,N/A,N/A,N/A,N/A,N/A
43d8965d-28cb-4ca8-b87c-ebd2eee81ae3,14.169.221.100,N/A,N/A,N/A,N/A,N/A,N/A
df158b5b-ee2c-4098-8140-21b62565ef99,199.3.201.125,N/A,N/A,N/A,N/A,N/A,N/A
13731856-0fc7-46d5-92ca-ef720aba7373,96.194.4.98,N/A,N/A,N/A,N/A,N/A,N/A
8ec6393f-3bea-4ec9-af65-5ab5d293698a,197.188.184.56,N/A,N/A,N/A,N/A,N/A,N/A
8fb82a2a-f937-4f40-8a3d-e111dec23564,169.165.230.211,N/A,N/A,N/A,N/A,N/A,N/A
01316c03-8e8b-437c-8147-9218e72a23ce,165.85.78.199,N/A,N/A,N/A,N/A,N/A,N/A
7a13196f-59c1-4744-bdb7-a4f6b3051bd1,179.140.84.8,N/A,N/A,N/A,N/A,N/A,N/A
937aabd6-48ee-4263-b1da-32ccf07e4236,140.176.64.27,N/A,N/A,N/A,N/A,N/A,N/A
29849ca8-9b62-46be-bc1b-070b1cc7a151,199.17.75.177,N/A,N/A,N/A,N/A,N/A,N/A
756e59a2-07fe-4ace-8bda-97922bbba2c7,220.64.132.33,N/A,N/A,N/A,N/A,N/A,N/A
c8571cdb-41d3-402b-bac4-a5507d844a8d,86.191.90.184,N/A,N/A,N/A,N/A,N/A,N/A
26769459-1b90-47d7-b48c-148993e4cdf7,156.222.152.99,N/A,N/A,N/A,N/A,N/A,N/A
1d071e09-d3cc-4165-98b3-2c881e3981e3,114.128.239.12,N/A,N/A,N/A,N/A,N/A,N/A
4f7deca1-3112-4315-83da-26595a4225ad,48.67.237.151,N/A,N/A,N/A,N/A,N/A,N/A
e7d66749-0fad-4cc9-a5b7-5bf7a68fd3a6,198.186.116.67,N/A,N/A,N/A,N/A,N/A,N/A
6cbd430c-782d-4a8b-823c-ad2d59bd7650,22.6.91.45,N/A,N/A,N/A,N/A,N/A,N/A
d177c7e0-3291-442a-a4f0-3cee7b47f35b,9.82.35.119,N/A,N/A,N/A,N/A,N/A,N/A
54b399ea-a3d0-4d42-abd1-2c02685883e6,86.17.1.36,N/A,N/A,N/A,N/A,N/A,N/A
d76a684f-6720-4d39-855e-c46b491be43b,203.223.248.51,N/A,N/A,N/A,N/A,N/A,N/A
3e4947fd-9ca7-464d-8af2-13fcfb5b2b84,172.145.132.128,N/A,N/A,N/A,N/A,N/A,N/A
f6a0f969-ba34-490e-bb69-a4eb79740c43,172.188.44.218,N/A,N/A,N/A,N/A,N/A,N/A
b284c2ee-8f69-4149-a280-56050d4e95be,87.244.88.42,N/A,N/A,N/A,N/A,N/A,N/A
9367a6c9-4f53-48b6-b613-30c3e647a76b,186.2.180.81,N/A,N/A,N/A,N/A,N/A,N/A
a7cf5e5d-b7f3-4555-ab19-7f33c2563a87,115.120.148.241,N/A,N/A,N/A,N/A,N/A,N/A
49104b5e-4b44-415e-a7c5-c9c0e769e5e2,185.123.200.32,N/A,N/A,N/A,N/A,N/A,N/A
34b38b95-2ec1-4b8c-9b08-2263811172b9,115.155.239.239,N/A,N/A,N/A,N/A,N/A,N/A
4d62dfa5-b83d-47dc-91bf-7f2eaffdf76a,82.68.169.31,N/A,N/A,N/A,N/A,N/A,N/A
b4679bcf-9ec8-4b86-8684-f19692d948d8,23.31.79.140,N/A,N/A,N/A,N/A,N/A,N/A
32fc7cb0-6f6d-4225-adc9-eddf3a62214d,42.164.83.91,N/A,N/A,N/A,N/A,N/A,N/A
ecd768e5-f0d1-4fb3-94cd-1b795752e5e4,135.53.70.11,N/A,N/A,N/A,N/A,N/A,N/A
72901972-f266-41fe-9859-097dc3a92097,185.108.100.18,N/A,N/A,N/A,N/A,N/A,N/A
67c60af7-e1ea-413b-a923-7b33bbf62e6a,206.250.46.245,N/A,N/A,N/A,N/A,N/A,N/A
42d935e7-77f5-4797-ba6e-03cc52081828,181.11.170.242,N/A,N/A,N/A,N/A,N/A,N/A
74cce0fe-6d52-4c79-b763-3f00f126a6ec,208.18.163.159,N/A,N/A,N/A,N/A,N/A,N/A
a137cc1c-0643-4edd-ac6a-686e55088582,151.130.98.19,N/A,N/A,N/A,N/A,N/A,N/A
081baaeb-4331-4111-81f1-2f6e1c848323,219.198.228.75,N/A,N/A,N/A,N/A,N/A,N/A
34737512-ec2c-42d5-833b-0d7856b972c7,167.43.52.204,N/A,N/A,N/A,N/A,N/A,N/A
195d33c9-eadc-4fe5-be36-417b416b85a3,210.237.151.249,N/A,N/A,N/A,N/A,N/A,N/A
0b08b929-c84d-4039-9e83-5c4bc94d8ed1,209.96.141.140,N/A,N/A,N/A,N/A,N/A,N/A
46a946fa-2462-4756-a6db-101842517e25,33.178.56.98,N/A,N/A,N/A,N/A,N/A,N/A
4b1cb988-735e-41a1-8e22-f7b852249188,215.122.249.67,N/A,N/A,N/A,N/A,N/A,N/A
4e8c8f1b-da9b-4bbb-a749-b84b1b75e909,186.152.213.125,N/A,N/A,N/A,N/A,N/A,N/A
74075882-ce3c-41d2-b336-44eca90abf14,7.193.210.166,N/A,N/A,N/A,N/A,N/A,N/A
3dae67f9-8063-46fb-a615-ef424a671246,164.190.44.79,N/A,N/A,N/A,N/A,N/A,N/A
9f235468-5a43-43f3-9d2f-221f9cf0b8dd,70.253.67.40,N/A,N/A,N/A,N/A,N/A,N/A
71481f9a-9da2-46d5-9a1a-aefb5d1329b9,1.150.249.137,N/A,N/A,N/A,N/A,N/A,N/A
79762fa2-cb3a-4cf8-ae74-b6344f4c31c7,205.169.13.67,N/A,N/A,N/A,N/A,N/A,N/A
a93c217a-aeff-462b-a34f-72c4d5bfc89c,151.17.86.252,N/A,N/A,N/A,N/A,N/A,N/A
26ca7fd5-25bb-4216-938d-ae828e159d5f,43.144.205.4,N/A,N/A,N/A,N/A,N/A,N/A
9f7d240c-b8d5-46f9-9fc8-a487ae5a9de5,92.143.50.163,N/A,N/A,N/A,N/A,N/A,N/A
756959cd-9053-4075-acc8-1c2013bdabd8,163.69.204.168,N/A,N/A,N/A,N/A,N/A,N/A
e27b3644-5073-4813-94a7-fd21d19f4a44,40.84.15.73,N/A,N/A,N/A,N/A,N/A,N/A
9ca173f1-b1b4-4278-9c2a-b05405882c98,210.160.232.75,N/A,N/A,N/A,N/A,N/A,N/A
6810bfa2-5b70-480b-af26-b4993818117e,99.9.64.72,N/A,N/A,N/A,N/A,N/A,N/A
7652d46f-c48e-4288-989a-451a5c50845e,205.133.146.86,N/A,N/A,N/A,N/A,N/A,N/A
57e66b65-c245-46da-b15d-fde507f7e155,149.229.163.200,N/A,N/A,N/A,N/A,N/A,N/A
0c078827-0830-4801-adab-7f3be8859264,35.10.248.149,N/A,N/A,N/A,N/A,N/A,N/A
a1f727f5-9e09-44c0-af9e-976d9a1a0dfd,212.230.161.152,N/A,N/A,N/A,N/A,N/A,N/A
ea206498-bf87-45db-936a-89f30a5aa08f,161.161.45.247,N/A,N/A,N/A,N/A,N/A,N/A
577a0925-2349-4d06-baf5-c6a5eb573e47,159.85.201.253,N/A,N/A,N/A,N/A,N/A,N/A
b3324ec2-df06-4ecc-b019-7c3c969a5876,180.55.129.213,N/A,N/A,N/A,N/A,N/A,N/A
ed32e7f5-4542-49c2-aac6-901ba5d13cbd,195.119.97.151,N/A,N/A,N/A,N/A,N/A,N/A
2d722cd4-083d-4d24-8644-a9fa7582bbc4,207.105.39.240,N/A,N/A,N/A,N/A,N/A,N/A
98b24adb-593d-4164-89dd-38c3923bfbc9,215.56.240.132,N/A,N/A,N/A,N/A,N/A,N/A
f32a96c7-5bcc-41df-8550-555cac6e50b7,157.162.89.19,N/A,N/A,N/A,N/A,N/A,N/A
332f2b1e-95b2-4ae4-bc1f-0191c5f0fb9a,74.52.44.177,N/A,N/A,N/A,N/A,N/A,N/A
a3a9c1c8-657d-4890-8a65-1dff8712ac64,219.174.213.169,N/A,N/A,N/A,N/A,N/A,N/A
557b56c1-f58f-4bd9-85e2-4a9dc54d69e0,199.230.71.191,N/A,N/A,N/A,N/A,N/A,N/A
3021aafd-3fc7-4918-bb77-a2065d62814e,149.114.0.203,N/A,N/A,N/A,N/A,N/A,N/A
4d4fc686-ed63-4757-9971-12c5128e419b,162.183.141.219,N/A,N/A,N/A,N/A,N/A,N/A
b577994c-727f-4370-93b8-34d8cfb6d130,212.216.18.224,N/A,N/A,N/A,N/A,N/A,N/A
d156f4e3-7af7-47b2-8710-dff2edb3d7e7,37.19.173.40,N/A,N/A,N/A,N/A,N/A,N/A
83ae1f2a-c003-4b75-8067-f5ed18e25cc5,186.86.7.94,N/A,N/A,N/A,N/A,N/A,N/A
ecc837fc-e33f-49dd-91f0-f2d59bc0237d,74.250.14.228,N/A,N/A,N/A,N/A,N/A,N/A
b02e90ed-7c7e-439e-9a86-28137891edbc,183.205.177.18,N/A,N/A,N/A,N/A,N/A,N/A
90d576f3-3add-4195-aca6-ad598869c62b,66.44.55.5,N/A,N/A,N/A,N/A,N/A,N/A
43ecd5ca-56e9-4b4e-85d8-598055eee077,175.105.99.219,N/A,N/A,N/A,N/A,N/A,N/A
9c54873f-2b19-461f-abc4-f172bf26a985,192.145.204.38,N/A,N/A,N/A,N/A,N/A,N/A
6f171455-1518-4602-b388-8a7ba16a9c98,112.110.65.115,N/A,N/A,N/A,N/A,N/A,N/A
29d06cb7-ce6e-4513-888e-5dafd6ae2da7,207.93.125.254,N/A,N/A,N/A,N/A,N/A,N/A
767fda97-96bb-4392-9ac9-6514bd762cff,196.33.49.43,N/A,N/A,N/A,N/A,N/A,N/A
e6eff4c3-7beb-4a63-b7a6-81cd13077a84,115.7.158.31,N/A,N/A,N/A,N/A,N/A,N/A
1c59ecbb-bf25-4f7b-9bec-b92fccb29bf6,131.242.112.132,N/A,N/A,N/A,N/A,N/A,N/A
a6fb64b3-b5b9-4c5d-9907-e8478fd1bd23,209.205.227.52,N/A,N/A,N/A,N/A,N/A,N/A
0d8e1842-110c-4a9c-a899-69c743f21123,113.81.104.77,N/A,N/A,N/A,N/A,N/A,N/A
f70ad8c8-adfb-4956-bbfc-87ede65457bf,83.240.20.226,N/A,N/A,N/A,N/A,N/A,N/A
b33fb945-cf6b-433b-84ef-45a45bfb74a4,187.182.88.27,N/A,N/A,N/A,N/A,N/A,N/A
361bf60f-f856-4750-81bb-75997735c288,221.45.11.235,N/A,N/A,N/A,N/A,N/A,N/A
9cfd6bbe-d326-4407-ab7f-bda02ef187ec,185.2.238.138,N/A,N/A,N/A,N/A,N/A,N/A
38fbfd3a-1036-4e92-9d11-379089e93a9c,162.40.122.178,N/A,N/A,N/A,N/A,N/A,N/A
bec14a8a-de51-42a3-b29f-218e96249ed1,219.13.48.90,N/A,N/A,N/A,N/A,N/A,N/A
5b63fa52-f34e-4819-b00b-23a2a17ffd17,219.36.96.244,N/A,N/A,N/A,N/A,N/A,N/A
3efc6319-77ae-4171-9f9d-7be92d6862b1,193.111.151.90,N/A,N/A,N/A,N/A,N/A,N/A
52f3e27e-0ea5-449c-8921-f8abfc9968dc,218.178.36.91,N/A,N/A,N/A,N/A,N/A,N/A
23f812e1-dcef-4475-90f4-ddab736002f0,197.188.233.62,N/A,N/A,N/A,N/A,N/A,N/A
b14aeed4-3015-4ae1-b155-5bb6f5d3351e,67.130.24.229,N/A,N/A,N/A,N/A,N/A,N/A
e069d0e9-b6be-480c-ac2e-acf0c9f2c528,217.177.242.228,N/A,N/A,N/A,N/A,N/A,N/A
666b3c2b-fa3e-4d3e-9886-d37c1dec21f9,199.66.160.252,N/A,N/A,N/A,N/A,N/A,N/A
04bb0ff9-9863-4466-8499-445797c15dc9,65.255.81.83,N/A,N/A,N/A,N/A,N/A,N/A
78130627-333c-4a2c-beae-5c2381ded526,158.48.33.100,N/A,N/A,N/A,N/A,N/A,N/A
